input,input,input,input,input,input,input,input,input,input,input,input,input,input,output
V1,V2,V3,V4,V5,V6,V7,V8,V9,V10,V11,V14,V22,V27,V28
42,50,270900,270944,267,17,44,24220,76,108,1687,80,2.4265,0.5822,1
645,651,2538079,2538108,108,10,30,11397,84,123,1687,80,2.0334,0.2984,1
829,835,1553913,1553931,71,8,19,7972,99,125,1623,100,1.8513,0.215,1
853,860,369370,369415,176,13,45,18996,99,126,1353,290,2.2455,0.5212,1
1289,1306,498078,498335,2409,60,260,246930,37,126,1353,185,3.3818,1,1
430,441,100250,100337,630,20,87,62357,64,127,1387,40,2.7993,0.9874,1
413,446,138468,138883,9052,230,432,1481991,23,199,1687,150,3.9567,1,1
190,200,210936,210956,132,11,20,20007,124,172,1687,150,2.1206,0.3359,1
330,343,429227,429253,264,15,26,29748,53,148,1687,150,2.4216,0.5593,1
74,90,779144,779308,1506,46,167,180215,53,143,1687,150,3.1778,1,1
106,118,813452,813500,442,13,48,50393,76,143,1687,150,2.6454,0.8612,1
505,515,106604,106668,284,42,69,31062,97,119,1687,150,2.4533,0.9048,1
46,58,179258,179312,480,15,54,61966,102,158,1687,150,2.6812,0.9093,1
581,590,230644,230704,433,22,60,38917,62,111,1687,150,2.6365,0.8299,1
451,466,368143,368208,728,30,68,69258,36,133,1687,150,2.8621,0.9888,1
669,684,491552,491684,1097,59,133,119540,50,134,1687,150,3.0402,1,1
156,192,713788,714056,5044,167,282,570911,11,143,1687,150,3.7028,1,1
90,104,751059,751132,552,38,76,59750,79,134,1687,150,2.7419,0.9918,1
82,89,844704,844729,137,8,25,14907,92,126,1687,150,2.1367,0.2998,1
1601,1613,21349,21376,209,15,27,24807,96,141,1687,200,2.3201,0.5362,1
17,28,42683,42717,284,18,34,32604,87,141,1687,200,2.4533,0.6173,1
43,52,86284,86313,153,13,29,17753,101,134,1687,200,2.1847,0.4317,1
63,72,115485,115504,106,10,19,13829,107,150,1687,200,2.0253,0.2942,1
82,92,149044,149083,264,15,39,32175,92,141,1687,200,2.4216,0.6422,1
75,84,184350,184383,201,17,35,27349,123,148,1687,200,2.3032,0.4913,1
1363,1372,2128884,2128907,171,9,23,16645,77,111,1373,40,2.233,0.3464,1
1358,1372,2356396,2356435,395,19,39,38722,75,118,1373,40,2.5966,0.8355,1
1404,1410,5202306,5202324,85,9,18,8948,97,119,1627,40,1.9294,0.215,1
1281,1302,4332564,4332815,3214,92,253,368381,33,140,1373,40,3.5071,1,1
49,62,4822354,4822392,386,15,38,36875,51,124,1373,40,2.5866,0.7822,1
830,837,1874382,1874415,182,9,33,20751,99,132,1373,40,2.2601,0.3834,1
91,104,2378173,2378236,527,19,63,48793,47,125,1387,40,2.7218,0.9691,1
161,168,2891780,2891804,158,9,24,16680,80,119,1387,40,2.1987,0.2901,1
1328,1338,2691161,2691189,214,10,28,19762,70,111,1387,50,2.3304,0.463,1
1251,1274,3874199,3874261,994,29,62,68851,15,119,1387,50,2.9974,0.9994,1
733,745,3957796,3957839,367,16,43,35856,55,127,1387,50,2.5647,0.8061,1
12,24,304433,304472,320,15,39,32705,55,125,1353,70,2.5052,0.7512,1
162,172,505964,506035,378,34,72,43323,77,135,1353,70,2.5775,0.9381,1
0,10,1701480,1701528,210,36,48,17413,73,100,1333,40,2.3222,0.7659,1
1617,1629,183688,183711,201,22,23,20993,79,126,1633,250,2.3032,0.4564,1
1152,1162,284144,284198,386,35,54,44712,90,132,1687,200,2.5866,0.8299,1
1259,1271,1918092,1918128,324,30,36,30269,65,124,1353,70,2.5106,0.7037,1
1545,1557,19815,19841,234,20,26,23207,66,124,1627,40,2.3692,0.5162,1
1580,1590,3884411,3884461,340,30,50,34655,88,116,1627,40,2.5315,0.7889,1
450,458,1009978,1009999,98,16,21,10784,96,132,1690,60,1.9912,0.2901,1
1625,1634,1702442,1702491,267,43,49,22785,67,110,1690,60,2.4265,0.7161,1
1495,1502,3509718,3509731,56,12,13,5587,85,116,1686,60,1.7482,0.1965,1
958,964,3550754,3550771,71,11,17,7502,91,124,1682,60,1.8513,0.2083,1
1536,1548,43036,43048,90,14,12,7525,67,100,1688,60,1.9542,0.2583,1
780,787,1686880,1686891,55,9,11,6124,95,125,1690,60,1.7404,0.1822,1
1140,1147,2379116,2379129,58,9,13,6567,100,132,1690,60,1.7634,0.1965,1
13,24,2512899,2512965,567,47,66,46365,51,109,1690,60,2.7536,0.944,1
11,20,2845229,2845256,182,20,27,16337,72,109,1688,60,2.2601,0.4025,1
1589,1599,3826564,3826588,154,20,24,13678,69,108,1650,69,2.1875,0.3977,1
765,774,4157586,4157620,188,20,34,20528,95,125,1648,69,2.2742,0.5063,1
1268,1277,5437033,5437060,146,20,27,15572,88,126,1646,69,2.1644,0.4025,1
333,346,5683008,5683014,51,14,7,6902,120,149,1650,69,1.7076,0.1832,1
1287,1299,1005865,1005895,184,25,30,18593,85,119,1650,100,2.2648,0.5951,1
1088,1096,1094617,1094629,67,10,12,7416,94,132,1710,100,1.8261,0.2018,1
1255,1261,718602,718617,64,10,15,7013,99,123,1360,100,1.8062,0.1954,1
707,714,807870,807880,53,10,10,5039,81,111,1360,100,1.7243,0.1753,1
1186,1193,238656,238667,60,10,11,6863,100,132,1362,120,1.7781,0.1822,1
626,635,2071945,2071956,76,14,11,8063,84,126,1362,120,1.8808,0.2051,1
1503,1510,893849,893861,66,9,12,6625,87,118,1632,100,1.8195,0.1892,1
1152,1161,969900,969911,70,9,11,7846,99,127,1632,100,1.8451,0.2051,1
1533,1542,1031539,1031599,382,43,60,38206,77,118,1632,100,2.5821,0.8299,1
788,796,1060712,1060732,110,13,20,11126,84,116,1630,100,2.0414,0.2792,1
34,40,914648,914661,51,8,13,5369,95,116,1654,100,1.7076,0.1832,1
1604,1612,1194800,1194814,63,15,14,5232,73,94,1656,100,1.7993,0.2195,1
1610,1618,1944129,1944138,56,12,9,4674,71,101,1656,100,1.7482,0.1773,1
1617,1628,2095494,2095507,89,14,13,7804,77,100,1658,100,1.9494,0.257,1
1589,1598,2493647,2493675,190,21,28,18416,81,116,1648,100,2.2787,0.417,1
482,490,11430396,11430416,81,15,20,8709,99,119,1656,100,1.9085,0.2792,1
1067,1073,237702,237720,63,17,18,4616,58,93,1694,211,1.7993,0.215,1
623,631,309514,309526,60,9,12,4585,62,92,1694,211,1.7781,0.2018,1
446,453,200561,200567,30,8,6,3022,80,116,1692,143,1.4771,0.1499,1
375,384,519677,519708,209,24,31,24034,90,143,1692,143,2.3201,0.4613,1
125,134,1334420,1334443,156,20,23,18654,101,141,1352,80,2.1931,0.3464,1
124,140,2377039,2377320,2643,165,285,300024,64,140,1400,40,3.4221,1,1
1321,1339,513812,514011,2145,134,201,228995,16,133,1380,40,3.3314,1,1
817,843,66196,66362,1421,142,185,141034,47,126,1666,40,3.1526,1,1
808,816,161967,161984,103,13,17,11430,97,126,1666,40,2.0128,0.2482,1
1327,1335,126951,126958,40,11,7,4014,89,111,1364,60,1.6021,0.1622,1
64,95,417618,418215,10914,481,604,1096282,21,141,1362,60,4.038,1,1
57,69,33796,33812,135,18,16,10915,55,97,1360,200,2.1303,0.3241,1
921,930,638468,638484,114,14,17,13173,94,140,1392,220,2.0569,0.2583,1
830,837,837868,837888,82,13,20,9671,106,128,1392,220,1.9138,0.2532,1
1201,1213,3496093,3496125,275,19,32,28986,78,127,1362,40,2.4393,0.633,1
1227,1238,3980733,3980769,289,25,36,32134,92,132,1364,40,2.4609,0.6514,1
959,974,4178002,4178041,313,36,39,35005,68,135,1364,40,2.4955,0.8682,1
320,333,4383724,4383776,437,36,52,44883,63,132,1364,40,2.6405,0.9236,1
34,51,132507,132576,759,45,69,67978,44,124,1362,40,2.8802,0.997,1
159,172,273320,273387,677,44,67,67597,72,124,1360,40,2.8306,0.9779,1
1265,1278,31580,31602,211,18,22,17820,49,109,1364,100,2.3243,0.4729,1
1343,1352,106512,106519,52,9,7,5049,87,109,1366,100,1.716,0.1687,1
557,570,2425687,2425716,261,28,29,28261,91,126,1358,40,2.4166,0.6221,1
1058,1066,367429,367455,135,18,26,15385,103,126,1690,70,2.1303,0.3479,1
780,787,1044544,1044587,181,29,43,20264,99,125,1690,70,2.2577,0.4979,1
971,979,1246698,1246717,109,15,19,12212,100,127,1694,70,2.0374,0.2686,1
374,382,2670756,2670772,102,11,16,11385,95,127,1692,70,2.0086,0.2384,1
1027,1034,2928247,2928259,51,8,12,5999,111,135,1692,70,1.7076,0.1892,1
1554,1564,3375744,3375765,134,13,21,13356,89,111,1690,70,2.1271,0.3509,1
179,193,1280228,1280256,266,23,28,24547,49,126,1626,120,2.4249,0.6453,1
980,992,333332,333435,970,57,103,97514,66,133,1362,175,2.9868,0.998,1
1579,1592,562576,562633,515,32,57,41622,46,108,1632,125,2.7118,0.9491,1
225,235,719009,719024,116,17,15,11656,71,127,1634,125,2.0645,0.266,1
1465,1486,1837263,1837460,2490,146,197,283038,19,141,1634,125,3.3962,1,1
1360,1373,2094748,2094776,251,22,28,28050,89,140,1632,125,2.3997,0.6015,1
1155,1167,2124816,2124840,165,22,26,18742,87,134,1626,125,2.2175,0.4763,1
1325,1334,1959035,1959052,112,16,17,11439,84,127,1358,40,2.0492,0.2699,1
1260,1271,552783,552815,208,24,32,22478,84,126,1350,50,2.3181,0.5822,1
1245,1258,702370,702405,337,26,35,33379,68,125,1354,50,2.5276,0.7347,1
1687,1696,150712,150740,167,24,28,9559,23,94,1698,90,2.2227,0.417,1
1507,1516,188768,188800,200,24,32,21691,90,125,1696,90,2.301,0.4763,1
1688,1694,247330,247414,359,29,84,19226,30,93,1696,90,2.5551,0.7933,1
1685,1692,297096,297166,349,33,70,24697,45,95,1698,90,2.5428,0.7776,1
1687,1694,348227,348257,140,12,30,9253,38,101,1698,90,2.1461,0.3509,1
1571,1583,435871,435916,379,35,45,37695,80,124,1700,90,2.5786,0.8299,1
757,766,487568,487588,121,13,20,13345,89,134,1698,90,2.0828,0.3068,1
1568,1583,564536,564621,762,63,86,78455,88,124,1698,90,2.8819,0.9985,1
1571,1585,689792,689890,861,78,98,90154,91,126,1696,90,2.935,0.9992,1
1575,1589,815462,815504,335,37,42,32766,86,124,1696,90,2.525,0.8705,1
1579,1590,939827,939860,242,24,33,24672,90,119,1698,90,2.3838,0.5999,1
1395,1407,1108752,1108782,264,26,30,25531,64,126,1696,90,2.4216,0.5951,1
5,13,1137189,1137216,134,20,27,14605,94,125,1694,90,2.1271,0.3601,1
1578,1590,1208774,1208843,372,56,70,37930,77,125,1696,90,2.5705,0.9708,1
1595,1611,1594430,1594517,794,59,87,84410,62,127,1696,90,2.8998,0.9993,1
10,22,1678200,1678232,227,28,32,23706,77,127,1698,90,2.356,0.633,1
1593,1608,1724027,1724129,927,65,103,89508,68,127,1698,90,2.9671,0.9997,1
9,18,1743219,1743250,227,22,31,21864,74,126,1698,90,2.356,0.4613,1
1505,1514,1751260,1751304,271,35,45,28268,85,127,1700,90,2.433,0.6514,1
1470,1488,1771553,1771642,771,50,89,76380,63,127,1698,90,2.887,0.9998,1
1643,1656,1809470,1809524,471,37,54,43880,62,125,1698,90,2.673,0.9349,1
1555,1570,1823955,1823987,285,24,32,29895,81,126,1698,90,2.4548,0.7659,1
923,931,1120157,1120180,120,17,23,12238,84,124,1688,70,2.0792,0.3125,1
1540,1558,1511165,1511591,4686,251,427,454421,30,133,1688,70,3.6708,1,1
1251,1256,458923,458941,70,15,18,8051,106,127,1356,40,1.8451,0.1954,1
83,92,3528981,3529007,180,18,26,19118,80,127,1362,40,2.2553,0.3882,1
375,386,1063504,1063527,170,18,23,18052,79,127,1698,60,2.2304,0.4187,1
1136,1142,1421726,1421746,83,14,20,9917,110,134,1696,60,1.9191,0.2288,1
451,465,2550845,2551201,2705,213,359,197957,28,126,1364,80,3.4322,1,1
1331,1336,4270168,4270218,177,15,50,17388,65,126,1360,100,2.248,0.4138,1
172,183,212157,212188,221,26,31,22508,66,125,1358,40,2.3444,0.5642,1
30,38,2277670,2277688,109,16,18,11573,89,126,1358,40,2.0374,0.2583,1
389,399,5427410,5427424,104,14,14,11748,84,135,1362,40,2.017,0.2532,1
450,466,11741476,11741833,3319,221,357,363821,37,133,1360,40,3.521,1,1
41,54,12577343,12577396,501,33,53,46520,49,127,1358,40,2.6998,0.9294,1
295,308,12725281,12725314,291,20,33,28711,68,126,1358,40,2.4639,0.6995,1
268,279,12917033,12917094,444,43,61,45269,78,126,1360,40,2.6474,0.9212,1
62,74,12987661,12987692,258,27,31,26902,75,125,1360,40,2.4116,0.6142,1
18,26,471253,471281,168,24,28,20267,102,143,1360,70,2.2253,0.3725,1
16,26,786881,786900,136,19,19,16571,99,143,1358,70,2.1335,0.3212,1
19,28,808173,808199,119,26,26,14471,97,143,1358,70,2.0756,0.3882,1
16,26,1377748,1377782,257,21,34,31058,91,151,1356,70,2.4099,0.5626,1
14,23,1461247,1461302,265,47,56,34055,106,156,1358,70,2.4232,0.7833,1
13,21,1488612,1488636,105,18,24,13943,120,150,1358,70,2.0212,0.3241,1
15,24,1620686,1620708,154,20,22,19711,103,156,1358,70,2.1875,0.3329,1
17,26,1651888,1651909,145,18,21,18695,101,156,1358,70,2.1614,0.3197,1
1166,1185,2258648,2258662,123,33,17,15858,116,143,1708,100,2.0899,0.4399,2
7,19,21512,21518,56,13,6,6632,108,132,1354,70,1.7482,0.1773,2
37,53,50442,50467,226,33,31,25563,100,132,1354,70,2.3541,0.6574,2
39,51,66522,66578,436,41,56,39043,71,117,1354,70,2.6395,0.9216,2
193,205,82308,82319,84,19,11,9155,99,118,1354,70,1.9243,0.2432,2
145,159,102099,102111,63,20,15,7752,109,140,1354,70,1.7993,0.2901,2
39,60,118073,118242,1590,143,172,154035,80,116,1354,70,3.2014,1,2
141,182,133683,133829,2267,201,161,248809,96,127,1354,70,3.3554,1,2
68,103,149046,149092,521,90,54,62926,104,135,1354,70,2.7168,0.9998,2
81,94,162885,162940,395,54,59,41476,92,127,1356,70,2.5966,0.94,2
0,17,177337,177387,353,53,56,32335,79,118,1352,70,2.5478,0.9747,2
94,106,190885,190920,205,33,36,22913,98,125,1354,70,2.3117,0.6868,2
10,21,204933,204953,135,16,23,8781,46,86,1356,70,2.1303,0.3663,2
3,15,221100,221142,294,35,42,20642,47,95,1356,70,2.4683,0.7933,2
16,24,240377,240390,71,12,13,6820,86,110,1356,70,1.8513,0.2105,2
144,150,254652,254670,56,16,19,6593,109,126,1354,70,1.7482,0.215,2
30,39,274230,274244,54,17,15,5912,97,132,1354,70,1.7324,0.2359,2
63,82,287835,287869,400,49,42,35427,78,101,1356,70,2.6021,0.9082,2
166,174,303149,303167,82,22,21,9467,105,127,1358,70,1.9138,0.2583,2
158,168,319303,319317,69,14,14,7659,98,125,1358,70,1.8389,0.2532,2
174,194,334304,334316,114,38,21,13595,106,134,1354,70,2.0569,0.3977,2
513,529,350481,350500,158,28,19,15719,89,111,1354,70,2.1987,0.5029,2
25,37,362724,362736,57,15,12,4557,70,93,1354,70,1.7559,0.2583,2
9,18,374580,374591,74,15,11,4347,36,84,1356,70,1.8692,0.2051,2
185,199,387402,387414,75,23,12,8535,104,127,1356,70,1.8751,0.2901,2
134,156,411630,411717,787,94,94,85268,94,124,1356,70,2.896,1,2
81,216,425023,425176,5027,748,403,611544,93,143,1358,70,3.7013,1,2
385,408,439180,439212,353,65,40,34230,84,111,1356,70,2.5478,0.9474,2
34,42,451067,451079,59,13,12,5608,85,103,1354,70,1.7708,0.2018,2
1147,1160,463836,463848,74,19,13,8915,109,132,1354,70,1.8692,0.2739,2
260,272,477075,477082,55,12,7,6106,101,124,1356,70,1.7404,0.1892,2
1,16,494893,494946,397,50,56,21964,33,84,1354,70,2.5988,0.9639,2
225,244,506783,506794,123,28,16,13148,95,118,1356,70,2.0899,0.3494,2
369,380,518261,518272,78,24,12,8388,95,119,1356,70,1.8921,0.23,2
436,442,530968,530985,63,17,17,6374,90,116,1356,70,1.7993,0.2083,2
506,519,548929,548953,170,28,25,20000,105,126,1356,70,2.2304,0.5162,2
109,121,560425,560445,124,18,20,13549,97,124,1352,70,2.0934,0.3977,2
49,71,573049,573118,884,106,98,83716,77,118,1356,70,2.9464,0.9997,2
51,61,585861,585888,139,21,27,8233,40,78,1356,70,2.143,0.4465,2
397,415,604478,604528,444,58,50,51661,97,134,1358,70,2.6474,0.9818,2
703,718,618132,618148,112,23,17,11154,87,111,1356,70,2.0492,0.3977,2
405,416,634279,634288,71,15,10,8824,113,135,1358,70,1.8513,0.2051,2
135,142,646729,646749,77,15,20,8235,97,124,1356,70,1.8865,0.2532,2
0,14,677297,677417,812,93,120,60260,51,93,1358,70,2.9096,0.9999,2
10,42,697885,698089,2904,197,207,145129,22,86,1358,70,3.463,1,2
10,32,718425,718521,964,106,103,53750,29,84,1356,70,2.9841,1,2
8,31,751592,751656,521,61,67,31515,43,78,1358,70,2.7168,0.9996,2
216,250,763872,763947,938,117,94,110127,102,133,1356,70,2.9722,1,2
34,139,776120,776424,4315,470,380,479002,82,148,1354,70,3.635,1,2
226,249,791161,791249,995,70,90,110993,95,133,1354,70,2.9978,1,2
174,194,802771,802822,585,101,56,63194,96,125,1352,70,2.7672,0.9917,2
0,37,814236,814627,7292,466,536,608995,43,108,1352,70,3.8628,1,2
2,27,830707,830795,1014,96,102,61231,40,79,1356,70,3.006,1,2
161,193,851460,851553,1784,90,99,202537,95,135,1354,70,3.2514,1,2
123,143,874488,874545,573,67,62,60005,90,126,1354,70,2.7582,0.9963,2
65,104,896899,897032,2875,202,161,316233,82,133,1352,70,3.4586,1,2
27,56,908862,908986,2483,107,129,198389,44,101,1354,70,3.395,1,2
244,275,923170,923211,709,84,55,83627,105,132,1352,70,2.8507,0.9984,2
144,164,936743,936828,1148,85,94,121595,89,132,1354,70,3.0599,0.9999,2
138,184,949306,949493,3811,235,230,365943,78,124,1358,70,3.581,1,2
66,92,961682,961728,613,95,77,63480,90,117,1356,70,2.7875,0.9974,2
168,181,973635,973704,540,69,70,66181,110,135,1354,70,2.7324,0.9814,2
168,201,983776,983827,694,60,53,77691,94,127,1354,70,2.8414,0.9999,2
157,167,1009876,1009888,67,15,13,8477,113,140,1352,70,1.8261,0.2288,2
189,214,1025376,1025473,1348,98,100,126759,81,118,1356,70,3.1297,1,2
61,78,1036126,1036161,265,47,40,26694,86,116,1356,70,2.4232,0.8756,2
176,193,1048818,1048832,138,30,16,17295,114,141,1356,70,2.1399,0.3945,2
141,154,1060291,1060313,109,25,22,12602,102,132,1356,70,2.0374,0.4729,2
172,179,1072228,1072248,74,19,20,8027,98,119,1354,70,1.8692,0.2532,2
460,534,1082731,1082953,7579,591,431,917886,95,141,1356,70,3.8796,1,2
137,156,1093477,1093492,184,31,15,19460,96,118,1354,70,2.2648,0.4713,2
14,32,1105359,1105387,252,55,36,19650,52,94,1356,70,2.4014,0.7933,2
212,222,1116878,1116892,62,14,14,6819,98,124,1354,70,1.7924,0.2532,2
114,127,1127920,1127927,60,14,8,6685,102,124,1354,70,1.7781,0.1965,2
242,252,1137747,1137757,55,20,14,6483,109,127,1354,70,1.7404,0.2061,2
38,63,1148345,1148364,241,45,35,14875,42,85,1356,70,2.382,0.7598,2
107,120,1159125,1159132,54,18,7,6135,102,124,1354,70,1.7324,0.1965,2
119,127,1172603,1172632,128,22,30,15896,111,140,1356,70,2.1072,0.385,2
1341,1347,1184511,1184525,51,17,14,4499,51,117,1358,70,1.7076,0.1892,2
75,82,1196901,1196915,61,12,14,5695,81,109,1354,70,1.7853,0.204,2
195,218,1211728,1211795,780,106,83,84461,96,126,1356,70,2.8921,0.9997,2
462,486,1226170,1226204,493,56,38,59901,105,141,1354,70,2.6929,0.9685,2
603,612,1266537,1266548,65,10,12,6757,95,115,1358,70,1.8129,0.2051,2
220,234,1285730,1285749,138,28,21,14757,93,118,1358,70,2.1399,0.4399,2
225,241,1301932,1301945,85,23,16,8566,93,111,1358,70,1.9294,0.3479,2
18,24,1312116,1312132,59,15,16,3095,41,71,1356,70,1.7708,0.2018,2
294,308,1323717,1323745,222,25,29,25660,104,125,1358,70,2.3463,0.6453,2
79,95,1335585,1335593,73,20,11,8327,103,126,1356,70,1.8633,0.2384,2
478,512,1346996,1347021,286,54,33,30518,95,125,1356,70,2.4564,0.9747,2
65,80,1359784,1359820,390,30,36,38672,80,118,1358,70,2.5911,0.8299,2
165,176,1373431,1373442,52,17,13,5376,95,111,1358,70,1.716,0.23,2
135,146,1385900,1385914,98,23,14,9733,89,113,1360,70,1.9912,0.2712,2
85,96,1398904,1398914,61,12,11,6834,102,124,1358,70,1.7853,0.2173,2
356,367,1411801,1411815,75,19,16,7384,89,109,1358,70,1.8751,0.2712,2
49,71,1427809,1427883,705,76,76,63525,73,117,1358,70,2.8482,0.9998,2
484,513,1457758,1457776,196,52,35,22534,104,127,1360,70,2.2923,0.8123,2
108,120,1471277,1471288,64,16,13,7216,102,124,1356,70,1.8062,0.2432,2
357,370,1483879,1483901,130,26,25,13185,90,117,1358,70,2.1139,0.4729,2
169,186,1495862,1495883,215,36,22,24463,103,125,1356,70,2.3324,0.5903,2
37,48,1508012,1508040,178,25,28,18774,92,116,1356,70,2.2504,0.5096,2
116,126,1536604,1536631,155,24,27,16678,96,120,1356,70,2.1903,0.4465,2
0,17,1549800,1549891,1030,72,92,71852,49,84,1354,70,3.0128,0.9998,2
824,844,1564536,1564557,140,27,22,15545,99,125,1356,70,2.1461,0.6868,2
53,91,1578055,1578129,1470,84,82,132939,70,118,1356,70,3.1673,1,2
248,262,1589431,1589443,69,20,19,7588,100,119,1356,70,1.8389,0.2901,2
104,124,1602180,1602199,231,31,23,29896,117,143,1356,70,2.3636,0.6268,2
115,136,1622697,1622718,169,33,28,19591,105,127,1356,70,2.2279,0.7161,2
31,50,1647143,1647194,445,72,55,46236,91,118,1354,70,2.6484,0.9884,2
221,236,1658742,1658769,245,37,33,27599,100,124,1354,70,2.3892,0.6648,2
195,209,1671098,1671110,99,16,13,12056,111,132,1358,70,1.9956,0.2901,2
144,153,1686794,1686810,55,19,17,6146,104,125,1358,70,1.7404,0.2583,2
449,521,1699784,1699829,873,174,100,103898,106,133,1358,70,2.941,1,2
55,65,1713172,1713184,64,16,13,7286,102,126,1356,70,1.8062,0.2288,2
142,155,1723382,1723392,60,20,11,6260,96,117,1360,70,1.7781,0.2408,2
49,75,1736811,1736822,120,31,18,12834,90,125,1356,70,2.0792,0.4729,2
322,357,1747625,1747660,314,84,50,38597,110,140,1356,70,2.4969,0.9979,2
210,224,1761692,1761703,61,17,11,7309,112,132,1356,70,1.7853,0.2712,2
30,58,1772722,1772736,253,50,26,28728,86,135,1356,70,2.4031,0.6453,2
88,120,1785901,1785930,509,73,60,49765,80,116,1358,70,2.7067,0.9848,2
42,55,1798152,1798172,170,25,21,16633,84,116,1356,70,2.2304,0.43,2
54,76,1810277,1810283,78,22,10,8246,95,117,1356,70,1.8921,0.2432,2
29,39,1821904,1821917,77,17,13,6861,76,109,1356,70,1.8865,0.2408,2
173,188,1835338,1835349,83,18,12,10702,116,140,1356,70,1.9191,0.286,2
83,93,1846280,1846289,61,12,10,6490,96,118,1356,70,1.7853,0.1954,2
17,27,1859616,1859633,80,23,17,4931,41,84,1356,70,1.9031,0.2928,2
98,108,1889430,1889440,51,15,10,5546,99,124,1356,70,1.7076,0.2061,2
184,205,1901970,1901975,58,22,7,7050,111,135,1356,70,1.7634,0.2116,2
116,126,1913635,1913646,58,13,11,7114,112,133,1356,70,1.7634,0.2173,2
178,197,1924923,1924936,130,38,25,16308,115,140,1356,70,2.1139,0.4089,2
41,56,1939590,1939602,117,22,14,11647,89,110,1356,70,2.0682,0.3068,2
82,98,1951256,1951299,490,38,44,50867,86,118,1354,70,2.6902,0.929,2
73,92,1964561,1964591,318,36,33,31789,85,124,1354,70,2.5024,0.8563,2
20,37,1978821,1978842,185,29,24,18517,88,119,1354,70,2.2672,0.5903,2
151,162,1990021,1990031,59,13,11,5957,89,111,1354,70,1.7708,0.2173,2
69,81,2001776,2001794,119,20,18,11516,84,117,1352,70,2.0756,0.3601,2
79,88,2012938,2012949,66,10,11,5652,75,101,1356,70,1.8195,0.2051,2
85,101,2023127,2023150,268,28,25,26356,84,118,1356,70,2.4281,0.6079,2
74,91,2032900,2032910,99,29,17,11843,109,134,1354,70,1.9956,0.2928,2
34,48,2044448,2044475,197,38,29,19139,86,109,1354,70,2.2945,0.6236,2
13,21,2058002,2058016,91,12,14,8106,79,101,1358,70,1.959,0.2195,2
32,44,2070769,2070796,142,30,29,12465,72,109,1354,70,2.1523,0.5362,2
81,90,2082327,2082338,60,13,11,6133,91,117,1356,70,1.7781,0.2051,2
22,31,2097257,2097270,60,15,13,5573,81,103,1354,70,1.7781,0.2253,2
280,305,2109314,2109324,149,27,17,15313,93,111,1354,70,2.1732,0.4138,2
107,120,2126449,2126462,103,19,13,12424,112,132,1356,70,2.0128,0.2914,2
7,19,2153394,2153410,93,19,17,9214,90,108,1356,70,1.9685,0.3241,2
42,59,2216544,2216556,115,22,17,11748,87,124,1356,70,2.0607,0.3419,2
8,29,2280779,2280868,1203,68,89,96937,48,101,1354,70,3.0803,1,2
8,18,2293926,2293946,109,22,20,11293,90,116,1356,70,2.0374,0.3359,2
31,50,2381257,2381400,1371,114,144,150413,85,132,1356,70,3.137,1,2
45,53,2409503,2409518,88,13,15,8123,81,110,1354,70,1.9445,0.2288,2
25,46,2433660,2433721,566,64,70,62326,89,132,1356,70,2.7528,0.9985,2
4,17,2445033,2445050,97,19,17,5940,47,77,1358,70,1.9868,0.3678,2
27,36,2457919,2457943,145,19,26,14997,91,117,1356,70,2.1614,0.3601,2
26,40,2535272,2535292,205,24,21,26503,108,148,1354,70,2.3117,0.463,2
2,11,2550643,2550653,60,12,10,3673,48,77,1358,70,1.7781,0.1954,2
24,38,2563219,2563241,173,22,23,17100,85,111,1356,70,2.238,0.5096,2
9,25,2583771,2583780,71,19,12,6886,84,111,1356,70,1.8513,0.2583,2
53,81,2595595,2595643,578,73,68,52482,76,109,1356,70,2.7619,0.999,2
13,23,2632520,2632529,53,13,9,5267,90,109,1354,70,1.7243,0.1954,2
48,61,2644076,2644097,153,25,21,16865,90,125,1352,70,2.1847,0.4514,2
17,33,2656857,2656867,78,28,17,9208,105,132,1352,70,1.8921,0.2792,2
23,40,2669665,2669677,94,24,16,10847,104,126,1354,70,1.9731,0.3419,2
27,42,2682394,2682435,376,40,43,36566,81,119,1352,70,2.5752,0.8894,2
0,16,2724583,2724595,111,20,21,6323,41,70,1356,70,2.0453,0.3241,2
24,52,2787299,2787427,1543,150,151,160372,81,126,1352,70,3.1884,1,2
19,28,2811785,2811821,192,35,36,18361,80,118,1354,70,2.2833,0.5362,2
17,27,2824729,2824741,76,15,12,4643,43,86,1354,70,1.8808,0.2288,2
18,32,2837245,2837268,199,20,23,18720,80,110,1352,70,2.2989,0.5329,2
15,22,2857887,2857900,71,11,13,6657,81,108,1350,70,1.8513,0.1965,2
0,6,2939205,2939222,69,14,18,7151,92,118,1348,70,1.8389,0.2083,2
1264,1271,750387,750399,52,11,13,5907,105,125,1358,100,1.716,0.1892,2
126,151,639972,639993,339,70,35,42620,119,135,1360,40,2.5302,0.8153,2
105,125,843822,843837,155,37,23,19453,120,134,1362,40,2.1903,0.4963,2
119,172,909471,909492,618,109,59,78470,119,135,1362,40,2.791,0.9955,2
103,122,1136912,1136924,142,25,15,17707,119,133,1362,40,2.1523,0.3787,2
145,197,1317364,1317395,508,112,59,65223,120,142,1362,40,2.7059,0.9998,2
209,230,1346248,1346264,158,45,30,20312,122,140,1362,40,2.1987,0.556,2
205,235,1417276,1417288,156,49,17,20131,122,140,1360,40,2.1931,0.5951,2
181,230,1566427,1566453,312,73,48,40573,122,141,1360,40,2.4941,0.9985,2
1190,1201,9007,9033,180,24,27,17505,87,111,1362,175,2.2553,0.4729,2
1214,1222,737538,737568,147,28,31,16908,105,133,1362,175,2.1673,0.3977,2
1211,1229,840091,840385,1733,206,294,185716,93,133,1362,175,3.2388,1,2
1207,1214,882674,882712,120,35,39,15035,118,135,1362,175,2.0792,0.4399,2
1200,1220,971714,971922,1804,175,211,214243,101,135,1360,175,3.2562,1,2
1191,1201,1062881,1062901,124,26,21,14323,107,126,1364,175,2.0934,0.3359,2
1202,1215,1127580,1127599,119,24,20,13662,106,127,1364,175,2.0756,0.4089,2
1109,1118,1170194,1170219,130,21,26,15147,109,126,1360,175,2.1139,0.374,2
1190,1219,1183612,1183893,3883,229,289,395668,78,127,1362,175,3.5892,1,2
1198,1209,1246188,1246244,295,42,56,32358,96,126,1364,175,2.4698,0.8901,2
464,474,28542,28553,72,13,12,13094,168,198,1387,40,1.8573,0.2173,3
853,861,31984,31995,66,9,11,12872,178,207,1387,40,1.8195,0.1934,3
0,9,35152,35164,61,10,12,10855,168,189,1387,40,1.7853,0.215,3
816,824,40184,40195,75,8,11,14016,157,206,1387,40,1.8751,0.1934,3
827,843,48480,48539,443,56,60,79713,77,221,1387,40,2.6464,0.9863,3
1059,1069,117715,117724,76,10,9,15483,195,213,1387,40,1.8808,0.1954,3
259,272,125025,125040,150,13,15,28697,172,212,1387,40,2.1761,0.3285,3
853,872,135196,135298,892,59,104,181730,68,236,1387,40,2.9504,1,3
570,585,155584,155593,74,16,11,15069,196,210,1387,40,1.8692,0.2469,3
732,750,177076,177087,136,18,11,27180,192,207,1387,40,2.1335,0.3329,3
1084,1097,185575,185588,108,16,17,21840,195,212,1387,40,2.0334,0.2914,3
1212,1220,198764,198776,74,12,12,13025,163,188,1387,40,1.8692,0.2018,3
857,865,211983,211993,52,8,10,9968,178,207,1387,40,1.716,0.1852,3
852,860,222646,222657,69,8,11,13099,164,205,1387,40,1.8389,0.1934,3
141,148,236266,236280,60,8,14,11189,178,198,1387,40,1.7781,0.204,3
716,723,251869,251880,68,8,11,12624,177,191,1387,40,1.8325,0.1822,3
1220,1228,270702,270711,70,8,9,11255,143,174,1387,40,1.8451,0.1773,3
1028,1052,365905,365932,504,24,27,69672,48,189,1387,40,2.7024,0.9093,3
4,16,394965,394980,140,12,15,20974,118,174,1387,40,2.1461,0.3068,3
867,878,419960,419973,108,11,13,17174,123,181,1387,40,2.0334,0.257,3
1279,1288,435870,435883,96,9,13,14369,128,164,1387,40,1.9823,0.2253,3
951,961,494451,494461,81,11,10,13311,141,182,1387,40,1.9085,0.2061,3
945,956,508640,508650,85,12,10,14041,139,181,1387,40,1.9294,0.2173,3
856,864,519257,519266,57,10,11,9848,161,183,1387,40,1.7559,0.1773,3
925,934,552377,552388,75,9,11,12593,150,180,1387,40,1.8751,0.2051,3
919,930,561832,561842,88,11,10,14538,134,183,1387,40,1.9445,0.2173,3
919,928,578380,578392,88,10,13,14808,148,182,1387,40,1.9445,0.215,3
933,940,612662,612672,52,9,10,8857,161,182,1387,40,1.716,0.1753,3
936,942,625664,625675,52,9,11,8801,159,181,1387,40,1.716,0.1715,3
936,944,639848,639857,65,9,9,11132,161,182,1387,40,1.8129,0.1773,3
926,935,675316,675327,63,9,11,10518,156,180,1387,40,1.7993,0.2051,3
897,907,898704,898715,101,11,11,16760,148,182,1387,40,2.0043,0.2173,3
892,903,908164,908176,92,12,12,14703,128,175,1387,40,1.9638,0.2432,3
824,832,928256,928264,53,9,8,9033,158,181,1387,40,1.7243,0.1696,3
732,793,78207,78276,2358,104,101,233778,49,124,1387,40,3.3725,1,3
367,440,795618,795659,2108,80,61,175110,6,119,1387,40,3.3239,1,3
476,490,13302,13320,227,14,18,21216,36,127,1373,40,2.356,0.417,3
498,515,31041,31058,231,17,17,21639,33,127,1373,40,2.3636,0.4779,3
1147,1162,41184,41201,194,16,17,19202,68,124,1373,40,2.2878,0.4219,3
489,504,55547,55568,247,17,21,23671,43,129,1373,40,2.3927,0.5212,3
236,249,64701,64720,175,13,19,18625,61,126,1373,40,2.243,0.4089,3
1314,1333,3149494,3149542,566,28,49,49867,70,103,1387,40,2.7528,0.9831,3
1614,1638,676623,676657,655,33,35,49303,54,93,1687,80,2.8162,0.9685,3
19,169,4197607,4215748,152655,10449,18152,11591414,0,156,1336,40,5.1837,1,3
0,230,308503,308712,25323,1022,593,3037459,24,148,1400,40,4.4035,1,3
3,223,333373,333576,21110,1138,597,2554885,21,148,1402,40,4.3245,1,3
0,225,344016,344225,25473,992,578,3061597,23,148,1400,40,4.4061,1,3
0,436,407936,408170,24365,1084,680,2935414,22,143,1404,40,4.3868,1,3
0,224,418600,418798,20894,1169,712,2529140,18,143,1398,40,4.32,1,3
0,828,468317,468520,20726,1193,709,2499819,25,143,1402,40,4.3165,1,3
1,222,486069,486291,22554,999,605,2712104,27,150,1400,40,4.3532,1,3
0,223,500276,500482,21987,1050,684,2638402,21,143,1398,40,4.3422,1,3
0,384,510931,511150,21036,1015,586,2519511,24,143,1402,40,4.323,1,3
41,218,553549,553733,16759,729,433,2020624,24,143,1402,40,4.2242,1,3
41,222,564200,564395,17977,796,513,2144244,24,143,1402,40,4.2547,1,3
41,735,581949,582129,19629,788,534,2332320,22,143,1400,40,4.2929,1,3
41,222,592614,592819,17887,713,448,2156667,21,143,1400,40,4.2525,1,3
37,261,652969,653195,18517,1021,696,2230510,25,150,1398,40,4.2676,1,3
41,220,663618,663832,17825,790,539,2155523,24,143,1400,40,4.251,1,3
41,456,674290,674482,16686,842,562,2013557,19,150,1402,40,4.2224,1,3
39,734,684933,685134,16521,926,591,1992604,21,149,1400,40,4.218,1,3
41,226,695578,695788,17706,802,537,2147442,24,148,1404,40,4.2481,1,3
39,226,702679,702873,18071,814,534,2160349,27,148,1400,40,4.257,1,3
41,216,713328,713531,18908,853,535,2264960,24,143,1402,40,4.2766,1,3
43,230,830512,830692,18896,768,507,2225392,22,142,1404,40,4.2764,1,3
41,232,844714,844903,20313,755,497,2400588,23,141,1400,40,4.3078,1,3
39,222,855369,855569,18203,696,480,2155986,25,143,1398,40,4.2601,1,3
39,212,862475,862693,17357,794,495,2034432,27,142,1400,40,4.2395,1,3
39,226,876673,876871,18954,749,482,2236201,25,143,1400,40,4.2777,1,3
41,218,897989,898132,14949,720,469,1734628,27,142,1400,40,4.1746,1,3
39,907,908650,908829,16469,929,568,1939163,27,143,1398,40,4.2167,1,3
39,225,919301,919496,17810,763,456,2094532,25,142,1398,40,4.2507,1,3
39,58,933630,933641,100,30,16,12817,123,140,1398,40,2,0.3494,3
142,167,947849,947878,354,67,47,44478,120,134,1400,40,2.549,0.9437,3
39,218,965451,965599,16821,670,425,1972773,29,141,1398,40,4.2259,1,3
39,218,979651,979800,15937,745,463,1847157,31,141,1398,40,4.2024,1,3
41,222,990300,990473,15896,756,469,1847464,22,143,1400,40,4.2013,1,3
41,58,997542,997556,128,38,27,16028,120,134,1400,40,2.1072,0.3945,3
41,222,1018714,1018885,16220,780,453,1877827,19,141,1400,40,4.2101,1,3
35,210,1029360,1029531,14963,779,468,1720418,22,141,1398,40,4.175,1,3
41,217,1040020,1040199,15050,867,541,1751637,21,141,1400,40,4.1775,1,3
39,214,1050670,1050830,13033,731,420,1508093,29,141,1398,40,4.115,1,3
41,215,1150090,1150255,16968,670,399,1976551,26,143,1400,40,4.2296,1,3
41,215,1157189,1157378,16584,821,498,1936241,25,143,1398,40,4.2197,1,3
43,214,1164302,1164475,14969,805,503,1758655,27,142,1400,40,4.1752,1,3
39,214,1174946,1175131,13601,805,503,1579135,25,141,1400,40,4.1336,1,3
39,212,1185602,1185752,13387,763,425,1546189,29,141,1398,40,4.1267,1,3
41,218,1196243,1196445,16164,861,522,1868220,23,141,1400,40,4.2085,1,3
39,74,1206989,1207040,935,143,98,117325,119,135,1398,40,2.9708,0.9999,3
41,219,1221106,1221276,15601,865,517,1835252,23,143,1400,40,4.1932,1,3
41,221,1228221,1228359,11348,595,357,1302540,27,143,1400,40,4.0549,1,3
39,214,1242405,1242592,15414,796,478,1798470,24,142,1400,40,4.1879,1,3
43,215,1253069,1253240,13975,795,441,1630309,29,140,1400,40,4.1453,1,3
39,440,1263724,1263888,11388,735,415,1315891,29,141,1398,40,4.0564,1,3
39,214,1277926,1278089,13553,708,424,1567858,30,141,1400,40,4.132,1,3
37,218,1285016,1285196,15704,976,557,1814409,25,142,1396,40,4.196,1,3
39,211,1292132,1292303,12012,607,362,1381722,30,141,1398,40,4.0796,1,3
39,212,1299230,1299402,11875,657,387,1375431,32,143,1398,40,4.0746,1,3
41,212,1309877,1310041,11271,664,396,1297285,27,141,1402,40,4.052,1,3
41,227,1316989,1317154,12212,617,372,1398637,27,141,1402,40,4.0868,1,3
39,68,1327718,1327750,539,94,63,68416,119,135,1402,40,2.7316,0.9848,3
39,72,1338367,1338402,677,114,79,86417,120,140,1400,40,2.8306,0.9966,3
39,217,1359602,1359742,10276,552,319,1187807,25,141,1400,40,4.0118,1,3
41,224,1370247,1370411,11535,758,419,1327403,23,141,1400,40,4.062,1,3
39,66,1384526,1384579,794,131,91,101435,119,140,1402,40,2.8998,0.9995,3
39,211,1391555,1391715,11492,650,443,1339579,26,143,1402,40,4.0604,1,3
39,208,1402211,1402348,10904,617,334,1261668,28,141,1402,40,4.0376,1,3
37,199,1430612,1430780,14069,675,452,1642086,26,141,1400,40,4.1483,1,3
39,191,1437715,1437882,12388,631,374,1431766,29,143,1400,40,4.093,1,3
43,194,1448373,1448535,12108,614,359,1402972,34,141,1402,40,4.0831,1,3
39,192,1469673,1469845,13946,589,406,1635177,33,142,1402,40,4.1445,1,3
39,187,1480323,1480475,13309,500,310,1550152,31,143,1402,40,4.1241,1,3
41,196,1494534,1494716,12729,634,404,1482862,29,143,1400,40,4.1048,1,3
41,197,1512277,1512467,14309,793,469,1661835,31,141,1402,40,4.1556,1,3
39,191,1530040,1530225,14346,694,424,1691554,29,143,1400,40,4.1567,1,3
41,191,1540695,1540855,12260,660,378,1424210,33,141,1402,40,4.0885,1,3
39,192,1554895,1555056,13185,572,370,1529932,30,141,1400,40,4.1201,1,3
39,191,1565555,1565703,13114,618,381,1507625,33,141,1400,40,4.1177,1,3
39,200,1576208,1576347,10796,572,363,1245388,38,141,1402,40,4.0333,1,3
39,192,1586862,1587011,11505,577,349,1320194,27,142,1402,40,4.0609,1,3
39,188,1597511,1597679,13612,579,357,1577022,30,141,1400,40,4.1339,1,3
41,191,1611713,1611861,12477,560,331,1442027,36,141,1400,40,4.0961,1,3
43,193,1625918,1626076,12718,596,348,1459713,31,140,1402,40,4.1044,1,3
43,195,1636571,1636729,13057,562,361,1507763,32,140,1404,40,4.1158,1,3
41,192,1647218,1647385,13699,587,352,1585785,37,141,1402,40,4.1367,1,3
39,191,1661425,1661593,12509,622,374,1456542,27,141,1400,40,4.0972,1,3
41,192,1672082,1672228,11089,593,354,1270726,31,143,1402,40,4.0449,1,3
41,192,1682722,1682891,11711,538,348,1308444,30,135,1402,40,4.0686,1,3
41,187,1700480,1700639,13041,616,365,1508999,37,141,1400,40,4.1153,1,3
41,194,1711137,1711281,10913,634,359,1248379,25,141,1402,40,4.0379,1,3
41,206,1721788,1721968,12051,631,390,1383987,33,140,1402,40,4.081,1,3
39,190,1735985,1736165,11355,639,388,1299720,31,141,1402,40,4.0552,1,3
41,190,1799909,1800071,11388,705,420,1311391,36,140,1402,40,4.0564,1,3
39,195,1810559,1810727,11813,591,367,1361903,27,141,1400,40,4.0724,1,3
39,194,1821207,1821379,13203,608,375,1515722,35,141,1402,40,4.1207,1,3
39,192,1831860,1832017,11809,621,400,1367596,36,141,1400,40,4.0722,1,3
39,192,1842518,1842677,11211,639,387,1293558,35,141,1402,40,4.0496,1,3
41,189,1853169,1853339,10880,649,409,1245114,33,141,1400,40,4.0366,1,3
39,195,1863816,1864008,13037,623,387,1505833,35,143,1402,40,4.1152,1,3
37,194,1881566,1881746,12489,700,462,1439221,31,141,1402,40,4.0965,1,3
41,190,1892225,1892384,12515,626,397,1452456,37,141,1400,40,4.0974,1,3
39,193,1902883,1903031,11510,699,429,1330937,40,141,1402,40,4.0611,1,3
39,197,1913522,1913670,12834,570,356,1487763,37,141,1400,40,4.1084,1,3
41,393,1924169,1924363,10429,578,382,1196792,33,141,1402,40,4.0182,1,3
41,185,1934838,1934989,9576,564,343,1098162,37,141,1402,40,3.9812,1,3
41,193,1945494,1945637,10743,652,418,1239926,38,142,1402,40,4.0311,1,3
41,197,1959683,1959850,11411,801,433,1303229,40,141,1400,40,4.0573,1,3
41,193,1970337,1970509,10941,685,407,1246740,40,140,1402,40,4.0391,1,3
39,197,2098167,2098332,10821,754,454,1238454,36,140,1400,40,4.0343,1,3
41,187,2112377,2112542,9349,659,387,1068391,38,140,1402,40,3.9708,1,3
41,205,2133677,2133849,11542,757,441,1338028,42,140,1402,40,4.0623,1,3
41,188,2194041,2194206,9927,625,418,1133850,39,140,1402,40,3.9968,1,3
39,194,2204696,2204771,5519,319,173,582040,34,135,1402,40,3.7419,1,3
41,189,2215354,2215404,4881,239,110,513464,40,127,1404,40,3.6885,1,3
39,186,2229552,2229707,9484,655,382,1083941,41,141,1400,40,3.977,1,3
39,195,2240199,2240365,10986,755,444,1273434,44,142,1404,40,4.0408,1,3
41,190,2254407,2254463,4995,232,124,527906,39,127,1402,40,3.6985,1,3
39,194,2265059,2265115,5702,214,118,601643,47,127,1402,40,3.756,1,3
41,196,2289914,2290079,9518,743,453,1084425,41,141,1402,40,3.9785,1,3
39,191,2300567,2300643,5957,289,166,637883,48,135,1404,40,3.775,1,3
39,186,2311225,2311296,5617,268,152,598575,42,135,1404,40,3.7495,1,3
39,187,2321871,2322028,9582,611,384,1095577,39,140,1404,40,3.9815,1,3
41,194,2339627,2339797,9183,602,355,1059263,40,141,1404,40,3.963,1,3
39,195,2357383,2357532,8726,653,398,1001426,41,141,1402,40,3.9408,1,3
43,193,2368032,2368203,9892,682,424,1130960,42,140,1402,40,3.9953,1,3
39,191,2399992,2400148,8457,636,383,971036,38,141,1400,40,3.9272,1,3
93,171,2410724,2410794,2027,255,129,259127,118,141,1402,40,3.3068,1,3
41,199,2421293,2421350,5593,239,133,593650,42,127,1402,40,3.7476,1,3
39,195,2431945,2432111,8709,578,322,996980,47,141,1402,40,3.94,1,3
39,185,2442600,2442673,5576,235,133,598862,43,135,1400,40,3.7463,1,3
41,185,2460355,2460408,5357,181,90,764,123,134,1402,40,3.7289,1,3
41,181,2542022,2542072,4635,226,128,491662,38,127,1400,40,3.666,1,3
39,180,2552670,2552812,8957,588,360,1025103,35,141,1400,40,3.9522,1,3
39,181,2563319,2563376,5261,190,107,553974,46,127,1400,40,3.7211,1,3
39,179,2573973,2574054,5731,325,186,618954,41,135,1400,40,3.7582,1,3
89,151,2584705,2584775,1909,175,125,245067,120,140,1400,40,3.2808,1,3
75,154,2595328,2595429,2791,332,207,353617,114,140,1400,40,3.4458,1,3
39,175,2605918,2606006,6381,280,166,678752,41,135,1400,40,3.8049,1,3
39,173,2616577,2616725,8344,558,338,945879,52,141,1400,40,3.9214,1,3
39,178,2627229,2627391,7998,558,343,889727,49,140,1400,40,3.903,1,3
39,177,2641432,2641500,5480,230,119,588758,53,135,1400,40,3.7388,1,3
39,187,2662727,2662812,6397,381,216,701931,55,141,1400,40,3.806,1,3
39,192,29559,29611,4915,248,153,497404,33,124,1358,40,3.6915,1,3
39,189,47299,47376,5757,240,136,600689,38,133,1358,40,3.7602,1,3
39,182,65059,65121,4471,248,116,470165,39,135,1360,40,3.6504,1,3
126,165,75758,75777,384,70,42,47481,115,135,1358,40,2.5843,0.9491,3
129,157,86408,86427,276,39,26,33858,115,135,1362,40,2.4409,0.8223,3
46,178,104115,104164,4115,179,108,427024,48,127,1360,40,3.6144,1,3
43,184,114768,114815,3918,172,88,408392,39,127,1362,40,3.5931,1,3
39,181,125418,125467,4223,198,83,439309,38,127,1360,40,3.6256,1,3
43,186,143167,143219,4403,215,115,457632,38,126,1360,40,3.6437,1,3
103,161,157419,157529,2463,262,168,312375,116,140,1360,40,3.3915,1,3
50,181,168027,168086,3912,226,105,407966,29,135,1362,40,3.5924,1,3
134,156,178723,178731,101,31,21,12531,118,135,1362,40,2.0043,0.3012,3
46,178,189330,189384,4130,197,98,432500,37,132,1360,40,3.616,1,3
41,183,199980,200030,4214,210,116,445047,42,126,1360,40,3.6247,1,3
37,181,210633,210681,4487,219,106,470618,40,127,1360,40,3.652,1,3
60,181,239041,239088,3324,157,85,343029,42,125,1360,40,3.5217,1,3
51,175,249693,249742,3631,179,96,378154,45,125,1362,40,3.56,1,3
48,174,260349,260396,3661,184,87,380538,43,127,1358,40,3.5636,1,3
47,182,270999,271050,3786,196,102,391378,40,126,1362,40,3.5782,1,3
52,174,281656,281703,3703,187,94,384266,37,126,1362,40,3.5686,1,3
41,184,299413,299460,3936,182,93,407075,38,124,1362,40,3.5951,1,3
56,173,310065,310112,3287,163,87,342248,50,125,1362,40,3.5168,1,3
51,172,320720,320767,3671,175,89,379850,46,124,1360,40,3.5648,1,3
55,174,327823,327870,3437,163,82,354240,45,126,1360,40,3.5362,1,3
39,172,334925,334972,4123,177,90,426267,40,126,1360,40,3.6152,1,3
50,181,345580,345626,3666,161,78,379668,43,125,1360,40,3.5642,1,3
41,184,356230,356279,4331,178,108,450619,45,126,1360,40,3.6366,1,3
43,176,366881,366932,4048,178,96,421512,50,126,1360,40,3.6072,1,3
48,177,377537,377585,3985,166,99,413005,41,126,1362,40,3.6004,1,3
42,180,388190,388236,4019,191,102,417578,41,125,1360,40,3.6041,1,3
41,182,398837,398889,4409,191,102,456908,47,125,1362,40,3.6443,1,3
39,175,409491,409539,3920,166,88,407163,45,125,1360,40,3.5933,1,3
39,185,420136,420189,5003,196,91,522331,49,126,1360,40,3.6992,1,3
41,198,430771,430836,6376,200,110,659058,54,127,1360,40,3.8045,1,3
39,196,441418,441483,6213,210,123,649441,55,124,1356,40,3.7933,1,3
41,194,452068,452142,6170,228,137,645016,51,134,1358,40,3.7903,1,3
41,190,462709,462786,6232,250,130,648220,48,133,1356,40,3.7946,1,3
121,159,473414,473430,229,51,31,28034,116,135,1358,40,2.3598,0.8848,3
39,194,498190,498252,5877,211,110,612067,47,126,1358,40,3.7692,1,3
41,190,508837,508896,5702,216,119,591835,45,126,1356,40,3.756,1,3
39,193,519483,519540,5852,205,117,608466,42,126,1356,40,3.7673,1,3
127,166,533732,533745,207,40,23,25309,115,134,1356,40,2.316,0.7966,3
126,163,544375,544389,200,50,30,24389,114,134,1358,40,2.301,0.8082,3
39,195,554961,555021,5970,188,118,618937,43,125,1356,40,3.776,1,3
41,196,579795,579857,6057,209,138,627913,39,126,1358,40,3.7823,1,3
39,196,590440,590503,6143,198,119,637317,45,125,1358,40,3.7884,1,3
39,195,601086,601148,5786,202,106,600867,41,124,1358,40,3.7624,1,3
39,190,611732,611792,5941,207,117,618605,45,126,1356,40,3.7739,1,3
41,198,622372,622437,6277,192,109,651641,43,125,1358,40,3.7977,1,3
41,198,633023,633082,6008,200,112,622760,45,125,1360,40,3.7787,1,3
39,194,643657,643725,6293,216,124,647587,47,124,1356,40,3.7989,1,3
43,198,686245,686304,6227,205,117,644765,38,124,1358,40,3.7943,1,3
43,200,696884,696948,6059,206,129,626256,45,125,1358,40,3.7824,1,3
39,193,707526,707593,6117,182,113,637707,49,127,1358,40,3.7865,1,3
39,200,718174,718237,6181,209,117,638448,44,127,1356,40,3.7911,1,3
96,172,728912,728995,2406,231,168,301138,116,140,1358,40,3.3813,1,3
41,194,743010,743076,5695,211,136,588714,40,126,1358,40,3.7555,1,3
98,166,775041,775118,2148,269,164,266914,113,135,1358,40,3.332,1,3
39,190,799788,799848,5817,212,131,598890,49,124,1358,40,3.7647,1,3
104,171,899231,899307,1961,220,142,246168,115,135,1356,40,3.2925,1,3
100,175,909876,909953,1923,227,139,241083,116,140,1356,40,3.284,1,3
41,202,920427,920489,5993,214,130,589956,132,132,1358,40,3.7776,1,3
39,196,931074,931135,5885,249,136,610139,40,127,1358,40,3.7698,1,3
93,172,938265,938349,2108,317,184,263590,115,135,1358,40,3.3239,1,3
41,214,1413654,1413720,6357,257,129,658914,41,124,1358,40,3.8033,1,3
41,214,1424299,1424367,6404,231,125,660910,38,124,1358,40,3.8064,1,3
39,209,1434944,1435012,6676,240,128,688430,37,125,1356,40,3.8245,1,3
41,210,1445593,1445656,6294,262,153,656298,45,125,1358,40,3.7989,1,3
39,210,1463330,1463399,6399,229,124,659350,39,119,1356,40,3.8061,1,3
41,218,1473977,1474044,7017,274,156,723789,36,125,1358,40,3.8461,1,3
41,211,1484624,1484688,6337,344,174,654684,41,127,1358,40,3.8019,1,3
39,218,1495267,1495336,7250,268,141,746545,40,119,1356,40,3.8603,1,3
41,212,1505915,1505982,6494,315,145,671353,38,127,1356,40,3.8125,1,3
39,219,1516553,1516628,6999,285,165,732196,43,126,1358,40,3.845,1,3
39,214,1527208,1527274,6661,247,133,686124,41,133,1356,40,3.8235,1,3
109,189,1541496,1541574,1834,242,128,227896,114,135,1358,40,3.2634,1,3
41,216,1555596,1555663,6562,255,125,677554,36,125,1358,40,3.817,1,3
37,213,1566243,1566309,6210,293,153,645839,38,124,1356,40,3.7931,1,3
41,214,1576890,1576955,6353,260,120,657020,37,125,1358,40,3.803,1,3
41,212,1587535,1587602,6017,261,143,612746,38,119,1356,40,3.7794,1,3
39,215,1601728,1601796,6430,276,127,669161,46,126,1358,40,3.8082,1,3
41,216,1615921,1615991,6276,279,154,647595,43,119,1356,40,3.7977,1,3
41,211,1626575,1626636,5706,266,139,590664,43,124,1356,40,3.7563,1,3
41,213,1637218,1637282,6206,257,128,641502,39,127,1356,40,3.7928,1,3
41,216,1647865,1647927,6501,257,115,672664,43,125,1356,40,3.813,1,3
39,218,1658501,1658584,6828,297,152,705056,42,127,1358,40,3.8343,1,3
41,216,1669152,1669220,6422,278,138,670952,43,126,1358,40,3.8077,1,3
41,220,1679793,1679864,6519,331,159,674120,41,124,1356,40,3.8142,1,3
39,216,1693992,1694059,6679,288,156,691010,36,124,1358,40,3.8247,1,3
41,219,1704636,1704704,6625,351,173,686356,42,124,1358,40,3.8212,1,3
39,212,1715280,1715348,6596,316,170,685447,44,124,1358,40,3.8193,1,3
190,192,1729556,1729557,2,2,1,255,126,133,1356,40,0.301,0.119,3
41,214,1740121,1740188,6855,238,142,701946,38,124,1358,40,3.836,1,3
39,218,1750768,1750835,6543,279,160,679238,39,125,1358,40,3.8158,1,3
43,218,1761412,1761480,6776,259,133,700391,37,124,1358,40,3.831,1,3
41,214,1775604,1775675,6686,273,132,687345,36,124,1356,40,3.8252,1,3
41,209,1786253,1786320,6662,266,131,685894,41,124,1358,40,3.8236,1,3
39,217,1803992,1804079,6816,333,162,699635,36,126,1358,40,3.8335,1,3
39,212,1814642,1814708,6525,278,134,674367,38,124,1358,40,3.8146,1,3
37,217,1825287,1825355,6605,310,151,684731,38,126,1356,40,3.8199,1,3
39,220,1835934,1836000,6644,252,113,689961,40,126,1358,40,3.8224,1,3
41,209,1853674,1853744,6484,223,117,666047,40,126,1358,40,3.8118,1,3
109,181,1867972,1868026,1843,171,85,230162,115,135,1356,40,3.2655,1,3
41,212,1878514,1878584,6432,276,134,666662,39,124,1358,40,3.8084,1,3
41,221,1889165,1889228,6490,282,140,669614,36,124,1356,40,3.8122,1,3
39,216,1903355,1903423,6878,247,128,709363,38,126,1358,40,3.8375,1,3
39,214,1914002,1914070,6615,244,131,684236,36,124,1358,40,3.8205,1,3
41,212,1935297,1935360,6493,293,135,676077,41,125,1358,40,3.8124,1,3
39,216,1945941,1946007,7038,262,133,735371,42,126,1358,40,3.8475,1,3
41,217,1960132,1960200,6987,251,123,725465,43,125,1356,40,3.8443,1,3
41,212,1970779,1970846,6603,271,138,688556,38,127,1358,40,3.8197,1,3
43,218,1981417,1981492,7327,234,119,750685,35,126,1358,40,3.8649,1,3
39,214,1992062,1992137,6998,280,143,724819,43,124,1358,40,3.845,1,3
41,218,2002718,2002782,6944,256,113,723643,41,124,1358,40,3.8416,1,3
98,192,2013457,2013541,2795,312,171,349157,115,140,1358,40,3.4464,1,3
39,214,2027555,2027621,6592,265,125,687299,44,124,1356,40,3.819,1,3
41,211,2041748,2041815,6499,263,137,676562,43,125,1356,40,3.8128,1,3
41,211,2052389,2052461,6476,296,156,675748,43,124,1356,40,3.8113,1,3
39,212,2070134,2070204,6399,287,132,666455,41,126,1356,40,3.8061,1,3
43,218,2087881,2087946,6515,222,104,683149,39,127,1358,40,3.8139,1,3
41,218,2098521,2098591,6937,253,135,722716,39,127,1358,40,3.8412,1,3
39,215,2109173,2109236,6763,277,151,706929,42,124,1358,40,3.8301,1,3
41,213,2119822,2119881,6025,283,147,624180,39,124,1360,40,3.78,1,3
41,218,2134009,2134076,6277,286,147,647965,40,126,1358,40,3.7977,1,3
195,197,2166065,2166066,2,2,1,250,120,130,1358,40,0.301,0.119,3
41,218,2187237,2187305,6010,257,123,626586,39,126,1358,40,3.7789,1,3
39,216,2201440,2201499,5933,312,167,614522,38,125,1356,40,3.7733,1,3
39,211,2212076,2212144,6249,263,137,649801,39,124,1358,40,3.7958,1,3
37,212,2222725,2222791,6281,265,132,654358,42,126,1356,40,3.798,1,3
39,212,2233368,2233436,6310,290,151,658162,41,125,1356,40,3.8,1,3
39,212,2244009,2244082,6827,276,141,711671,40,124,1358,40,3.8342,1,3
41,214,2254664,2254729,6176,307,140,639433,36,124,1356,40,3.7907,1,3
39,217,2265307,2265372,6185,313,158,640970,41,119,1358,40,3.7913,1,3
41,219,2275954,2276025,6454,310,145,675659,40,127,1358,40,3.8098,1,3
41,213,2290146,2290212,5753,291,160,602131,40,125,1358,40,3.7599,1,3
43,211,2300789,2300856,6279,306,149,648910,36,126,1358,40,3.7979,1,3
128,189,2315086,2315172,2160,259,149,269308,116,135,1358,40,3.3345,1,3
41,207,2336275,2336344,5724,277,162,588321,37,124,1356,40,3.7577,1,3
39,214,2350467,2350536,6472,243,129,673434,44,124,1356,40,3.811,1,3
39,211,2364667,2364730,6381,293,142,674326,46,127,1358,40,3.8049,1,3
39,216,2382409,2382472,6239,263,135,648169,46,124,1358,40,3.7951,1,3
41,212,2421444,2421508,5544,295,159,579951,43,125,1358,40,3.7438,1,3
39,210,2449833,2449893,5816,273,132,618320,51,127,1358,40,3.7646,1,3
41,210,2556287,2556352,6234,219,125,649139,43,124,1358,40,3.7948,1,3
41,214,2566935,2566997,6075,242,131,633606,47,127,1358,40,3.7836,1,3
41,209,2598874,2598935,5962,251,125,626007,41,126,1358,40,3.7754,1,3
130,188,2638000,2638062,1685,181,101,208514,115,135,1358,40,3.2266,1,3
39,216,2648545,2648612,6309,269,140,660758,45,127,1358,40,3.8,1,3
39,216,2662735,2662807,6664,328,172,690169,33,124,1358,40,3.8237,1,3
41,218,2698232,2698294,6327,275,148,660291,40,126,1358,40,3.8012,1,3
41,216,2708878,2708939,6298,275,134,654634,42,126,1358,40,3.7992,1,3
39,212,2730163,2730230,6108,299,149,635284,40,125,1356,40,3.7859,1,3
41,213,2740809,2740889,6532,356,186,685717,43,134,1358,40,3.815,1,3
37,212,2751455,2751522,6280,324,184,654471,40,124,1358,40,3.798,1,3
147,180,2765714,2765730,251,41,25,30451,115,132,1358,40,2.3997,0.8183,3
39,212,2776296,2776362,6172,263,143,648030,39,126,1358,40,3.7904,1,3
39,212,2786940,2787008,5969,300,154,622528,42,126,1358,40,3.7759,1,3
39,216,2797592,2797652,5846,323,149,608295,44,127,1358,40,3.7669,1,3
149,183,2811847,2811861,219,43,21,26683,109,134,1358,40,2.3404,0.761,3
37,212,2829521,2829590,6426,275,134,668126,37,119,1356,40,3.8079,1,3
41,218,2840169,2840236,6503,264,135,677593,40,124,1358,40,3.8131,1,3
39,216,2854357,2854430,6450,276,143,669129,43,119,1358,40,3.8096,1,3
39,213,2875657,2875730,6282,330,175,659881,41,134,1356,40,3.7981,1,3
39,214,2886302,2886367,6182,295,138,635475,42,124,1356,40,3.7911,1,3
41,214,2896951,2897015,6509,274,139,682403,41,126,1358,40,3.8135,1,3
41,216,2943077,2943144,6882,274,131,723207,48,124,1358,40,3.8377,1,3
41,216,2957266,2957336,6653,302,155,693100,42,124,1358,40,3.823,1,3
147,172,2975077,2975090,170,28,14,20714,114,132,1356,40,2.2304,0.5378,3
41,216,2985655,2985724,7003,252,138,734568,40,127,1356,40,3.8453,1,3
39,215,3003398,3003466,6570,274,141,685255,40,119,1356,40,3.8176,1,3
41,213,4348250,4348321,6137,284,145,649137,48,125,1356,40,3.788,1,3
41,221,4358896,4358964,6294,289,160,661448,43,124,1358,40,3.7989,1,3
41,211,4373092,4373158,6318,286,159,667465,46,126,1356,40,3.8006,1,3
41,210,4383746,4383803,5499,298,138,581466,43,125,1358,40,3.7403,1,3
41,209,4401486,4401544,5533,288,155,584291,43,126,1356,40,3.743,1,3
41,212,4419228,4419287,6175,266,144,652005,46,127,1358,40,3.7906,1,3
41,210,4440514,4440576,5688,303,154,598976,43,125,1356,40,3.755,1,3
41,209,4639210,4639275,5828,296,169,618846,48,126,1358,40,3.7655,1,3
41,206,4649858,4649920,5814,262,137,617639,44,127,1358,40,3.7645,1,3
41,211,4703077,4703142,5830,289,158,614756,44,125,1356,40,3.7657,1,3
84,214,7261606,7261658,4080,188,91,435821,64,127,1358,40,3.6107,1,3
85,209,7275798,7275852,4239,150,76,456305,65,127,1358,40,3.6273,1,3
41,209,7300641,7300696,4788,257,136,516343,63,127,1360,40,3.6802,1,3
79,217,7307739,7307792,4417,176,89,477354,68,127,1358,40,3.6451,1,3
80,210,7318386,7318440,4071,177,99,439881,56,127,1360,40,3.6097,1,3
86,215,7325485,7325536,4346,163,89,473046,65,127,1360,40,3.6381,1,3
89,217,7612933,7612982,3961,175,99,431127,66,127,1360,40,3.5978,1,3
83,202,7655518,7655567,3455,157,86,373412,67,127,1360,40,3.5385,1,3
68,206,7754878,7754931,4396,179,100,474761,68,127,1358,40,3.6431,1,3
64,203,7765518,7765576,4364,185,108,479531,74,132,1360,40,3.6399,1,3
61,213,7783272,7783320,3824,157,95,417036,73,127,1362,40,3.5825,1,3
87,211,7797464,7797516,3900,203,90,425840,71,127,1360,40,3.5911,1,3
73,213,7818756,7818807,3876,185,102,419968,70,127,1358,40,3.5884,1,3
3,776,19000,19123,14386,851,424,1445817,27,124,1358,50,4.1579,1,3
2,226,29657,29792,16052,805,400,1594353,26,126,1358,50,4.2055,1,3
0,224,40322,40447,13349,740,356,1328712,29,124,1358,50,4.1255,1,3
1,250,115072,115195,15650,943,539,1732196,23,140,1378,40,4.1945,1,3
13,871,139939,140094,15208,861,501,1741571,22,143,1378,40,4.1821,1,3
203,342,55774,55824,3333,173,87,246531,35,95,1666,40,3.5228,1,3
238,354,87744,87794,3288,191,114,260660,36,103,1664,40,3.5169,1,3
233,345,98402,98450,3340,169,93,265172,35,103,1670,40,3.5238,1,3
215,340,109058,109106,3630,173,100,292575,35,108,1666,40,3.5599,1,3
230,332,119716,119826,5665,405,216,499944,36,118,1666,40,3.7532,1,3
225,346,130372,130421,3228,166,89,260241,38,103,1670,40,3.5089,1,3
250,373,3629947,3630060,6114,320,197,633741,40,134,1666,40,3.7863,1,3
243,370,3658370,3658511,7639,462,260,819375,40,135,1666,40,3.883,1,3
241,360,3711661,3711800,7080,492,293,773694,43,140,1666,40,3.85,1,3
836,878,2150529,2150756,5390,297,258,635678,9,143,1362,40,3.7316,1,3
414,438,2887460,2887476,263,29,17,30104,87,134,1358,40,2.42,0.633,3
1002,1027,155255,155262,62,31,9,7479,114,132,1360,100,1.7924,0.2998,4
1145,1152,1083340,1083344,22,7,4,2871,116,148,1358,50,1.3424,0.1384,4
570,579,1162279,1162292,86,17,13,9819,100,125,1358,50,1.9345,0.2253,4
1179,1191,1223690,1223696,42,14,7,5558,127,140,1360,50,1.6233,0.1773,4
955,960,1260440,1260444,17,6,4,2246,120,149,1360,50,1.2305,0.1322,4
581,589,1273552,1273556,18,9,5,2274,110,141,1362,50,1.2553,0.1417,4
778,782,1292292,1292296,12,4,4,1537,112,149,1360,50,1.0792,0.1292,4
977,981,1311529,1311535,12,5,6,1563,125,143,1358,50,1.0792,0.1353,4
604,608,1322072,1322076,12,4,4,1543,110,140,1358,50,1.0792,0.1292,4
1254,1259,1333074,1333079,12,5,5,1528,115,141,1358,50,1.0792,0.1361,4
799,804,1341292,1341296,12,5,4,1504,111,140,1360,50,1.0792,0.1322,4
1209,1218,1351649,1351652,14,10,4,1808,122,136,1356,50,1.1461,0.1376,4
402,408,1361745,1361748,12,6,3,1541,111,142,1358,50,1.0792,0.1307,4
752,759,1378585,1378588,15,7,3,1923,123,141,1360,50,1.1761,0.133,4
621,627,1388036,1388039,12,6,3,1539,113,141,1358,50,1.0792,0.1307,4
615,625,1398169,1398179,65,12,10,7104,89,126,1358,50,1.8129,0.2061,4
1217,1225,1413272,1413276,12,9,4,1509,112,143,1358,50,1.0792,0.1417,4
1196,1201,1423992,1423996,12,6,4,1585,128,141,1358,50,1.0792,0.1322,4
772,777,1436089,1436092,11,5,3,1398,111,135,1358,50,1.0414,0.1284,4
425,430,1444004,1444009,17,6,5,2181,122,132,1358,50,1.2305,0.1361,4
584,590,83249,83253,15,6,4,1522,90,118,1358,50,1.1761,0.1353,4
852,856,134988,134992,12,6,4,1335,99,127,1358,50,1.0792,0.1292,4
1035,1040,156370,156373,9,5,4,1063,107,126,1358,50,0.9542,0.1284,4
1182,1185,171874,171878,8,3,4,958,108,135,1362,50,0.9031,0.1262,4
804,808,192327,192330,8,4,3,950,105,127,1360,50,0.9031,0.1262,4
517,521,203197,203200,9,4,4,1059,107,132,1360,50,0.9542,0.1262,4
1229,1232,224240,224243,6,3,3,718,107,140,1358,50,0.7782,0.124,4
855,861,237729,237731,6,6,2,775,118,136,1358,50,0.7782,0.1262,4
1291,1295,249736,249740,10,4,5,1233,119,132,1358,50,1,0.1292,4
805,813,273908,273912,16,8,4,2121,114,148,1358,50,1.2041,0.1417,4
321,328,294032,294036,17,7,4,2183,121,135,1358,50,1.2305,0.1384,4
323,334,367324,367330,28,11,7,3576,120,135,1358,50,1.4472,0.1715,4
617,624,450379,450383,16,7,4,2042,114,140,1358,50,1.2041,0.1384,4
647,667,483796,483808,67,23,13,7595,92,132,1360,50,1.8261,0.3977,4
805,811,598090,598094,16,6,4,2034,110,140,1360,50,1.2041,0.1353,4
475,482,626952,626956,18,7,4,2319,112,140,1360,50,1.2553,0.1384,4
321,329,679386,679391,17,12,5,2193,121,140,1358,50,1.2305,0.1483,4
696,706,762234,762239,26,13,7,3330,120,140,1358,50,1.415,0.1569,4
1241,1248,796972,796976,18,7,5,2318,122,141,1356,50,1.2553,0.1384,4
1196,1202,818584,818589,17,7,6,2267,129,142,1358,50,1.2305,0.14,4
489,494,847972,847976,16,6,4,2020,106,141,1358,50,1.2041,0.1322,4
861,866,858604,858608,17,7,4,2214,114,142,1356,50,1.2305,0.1322,4
765,771,879259,879265,16,9,8,2069,123,140,1358,50,1.2041,0.1449,4
563,568,888672,888676,17,6,4,2157,113,141,1356,50,1.2305,0.1322,4
816,822,899659,899665,18,8,6,2384,127,141,1358,50,1.2553,0.1449,4
686,692,909972,909977,18,6,5,2280,113,140,1358,50,1.2553,0.14,4
974,980,972384,972388,18,6,4,2370,117,148,1358,50,1.2553,0.1353,4
583,589,983183,983189,17,9,7,2198,122,142,1354,50,1.2305,0.1449,4
312,319,1013642,1013647,16,9,5,1967,115,133,1356,50,1.2041,0.1441,4
297,302,1028213,1028219,16,5,6,1990,120,132,1356,50,1.2041,0.14,4
305,319,1042404,1042410,32,16,8,4131,120,143,1356,50,1.5051,0.1892,4
731,736,1069368,1069372,16,5,4,2025,109,141,1356,50,1.2041,0.1322,4
301,307,1095698,1095703,16,7,5,2001,119,134,1356,50,1.2041,0.14,4
756,762,1110856,1110861,16,6,5,2015,111,142,1358,50,1.2041,0.14,4
301,309,1156107,1156111,21,8,5,2633,120,134,1358,50,1.3222,0.1417,4
575,581,1188740,1188745,17,8,5,2127,105,143,1358,50,1.2305,0.14,4
1202,1212,1298256,1298260,22,10,4,2926,127,140,1358,50,1.3424,0.1483,4
307,319,1458128,1458136,49,19,12,6058,118,135,1358,50,1.6902,0.2018,4
689,696,1481144,1481148,16,7,4,1961,102,141,1360,50,1.2041,0.1384,4
1094,1101,1506525,1506531,17,7,7,2310,129,149,1360,50,1.2305,0.1499,4
303,311,1593115,1593120,18,9,8,2219,117,135,1360,50,1.2553,0.1483,4
486,493,1622520,1622524,16,8,4,2062,109,140,1358,50,1.2041,0.1384,4
599,604,1645544,1645548,16,5,4,2046,109,149,1360,50,1.2041,0.1322,4
1236,1242,1667032,1667036,17,6,4,2167,109,144,1360,50,1.2305,0.1353,4
1235,1241,1681980,1681985,19,7,6,2420,120,140,1358,50,1.2787,0.14,4
299,309,1692615,1692621,21,15,7,2683,120,141,1360,50,1.3222,0.1659,4
1273,1281,1709863,1709871,26,9,8,3341,120,141,1358,50,1.415,0.1696,4
1140,1148,1733269,1733276,26,13,7,3431,123,143,1360,50,1.415,0.1622,4
299,309,1738808,1738812,19,10,7,2351,116,134,1360,50,1.2787,0.1483,4
1121,1128,1789332,1789337,17,9,6,2240,115,150,1360,50,1.2305,0.1441,4
543,548,1819724,1819728,16,5,4,2028,111,143,1360,50,1.2041,0.1322,4
1213,1219,1962342,1962347,16,9,6,2076,123,141,1358,50,1.2041,0.14,4
1325,1339,30207,30238,268,29,31,25809,79,124,1353,120,2.4281,0.7065,5
1,16,55572,55629,370,48,62,39293,27,119,1353,120,2.5682,0.9755,5
1323,1333,68445,68506,330,48,61,33449,90,119,1353,120,2.5185,0.8861,5
1324,1333,75642,75681,207,25,39,21354,93,124,1353,120,2.316,0.5805,5
1324,1335,97132,97213,594,55,81,61608,93,125,1353,120,2.7738,0.9806,5
50,71,143784,143858,578,73,90,67901,100,132,1353,120,2.7619,0.9998,5
828,836,128854,128981,788,78,127,83011,86,125,1687,50,2.8965,0.9915,5
1324,1330,1543653,1543689,145,23,36,16920,108,127,1352,40,2.1614,0.3601,5
1325,1332,1564451,1564476,97,19,25,11608,111,133,1354,40,1.9868,0.2998,5
1326,1333,1581921,1581956,139,27,35,16441,110,132,1354,40,2.143,0.4057,5
1325,1332,1599135,1599173,175,30,38,21073,111,133,1354,40,2.243,0.4399,5
1327,1332,1647908,1647954,144,20,47,17271,110,132,1354,40,2.1584,0.3819,5
1330,1334,1668998,1669028,73,15,30,8549,109,127,1358,40,1.8633,0.2288,5
1329,1334,1682919,1682947,89,16,28,10584,110,134,1356,40,1.9494,0.2532,5
1327,1332,1738096,1738114,72,15,18,8542,111,132,1358,40,1.8573,0.1954,5
1328,1334,1772580,1772598,64,14,19,7486,111,126,1358,40,1.8062,0.215,5
1302,1308,2369532,2369561,115,18,29,14260,115,135,1352,40,2.0607,0.2984,5
1315,1321,2396372,2396392,58,15,20,7385,116,141,1352,40,1.7634,0.2288,5
1310,1316,2413168,2413186,60,16,19,7112,110,127,1352,40,1.7781,0.215,5
1430,1466,5851552,5851560,134,47,13,17217,114,143,1650,69,2.1271,0.4763,5
1357,1373,5877663,5877670,52,20,8,6616,116,143,1652,69,1.716,0.2195,5
1427,1455,5897947,5897955,123,29,13,15711,117,141,1652,69,2.0899,0.3725,5
1421,1448,5921344,5921348,81,28,9,10329,113,141,1650,69,1.9085,0.215,5
1417,1437,5948468,5948472,56,26,6,7143,116,140,1652,69,1.7482,0.1852,5
1373,1395,5971611,5971616,68,24,9,8685,115,143,1650,69,1.8325,0.2173,5
1444,1457,5996730,5996739,79,19,11,10188,116,140,1648,69,1.8976,0.2253,5
63,86,6245624,6245776,2028,129,157,188767,28,140,1696,69,3.3071,1,5
123,132,785268,785285,78,15,17,11382,129,157,1658,143,1.8921,0.2699,5
625,631,1934306,1934337,127,19,31,13897,99,125,1364,100,2.1038,0.3154,5
625,635,1954598,1954686,540,57,88,60109,95,127,1364,100,2.7324,0.9792,5
625,636,1970774,1970877,716,74,103,80541,97,134,1364,100,2.8549,0.9961,5
625,635,1981388,1981483,571,68,95,64701,98,135,1364,100,2.7566,0.9869,5
625,636,1997356,1997506,1082,102,150,118721,94,132,1366,100,3.0342,0.9999,5
623,639,2003323,2003457,1004,99,134,125338,109,143,1362,100,3.0017,1,5
624,635,2014210,2014317,477,82,107,53536,96,132,1364,100,2.6785,0.9971,5
620,637,2020002,2020117,695,99,117,88065,111,141,1364,100,2.842,1,5
623,632,2030688,2030738,319,31,50,36546,101,133,1364,100,2.5038,0.7281,5
621,632,2036193,2036297,585,91,105,65860,99,133,1364,100,2.7672,0.9964,5
621,632,2046094,2046183,495,67,90,56735,99,143,1364,100,2.6946,0.9891,5
623,632,2056310,2056391,492,59,83,55666,101,133,1364,100,2.692,0.9451,5
621,633,2076516,2076679,969,124,163,103558,92,141,1364,100,2.9863,1,5
621,632,2086004,2086116,733,75,112,81625,98,127,1364,100,2.8651,0.998,5
621,633,2095554,2095693,975,107,141,121633,108,140,1364,100,2.989,0.9999,5
620,631,2104786,2104879,706,56,93,77840,96,127,1364,100,2.8488,0.9919,5
619,630,2113679,2113824,926,113,146,98616,92,126,1364,100,2.9666,0.9998,5
619,630,2122174,2122284,653,90,110,71112,95,134,1366,100,2.8149,0.9977,5
617,623,2163461,2163487,104,25,26,11941,106,127,1364,100,2.017,0.2739,5
618,625,2172852,2172874,105,16,23,12094,106,125,1366,100,2.0212,0.2712,5
616,622,2182058,2182079,82,14,21,9584,109,126,1366,100,1.9138,0.2359,5
615,622,2188217,2188232,57,13,15,6560,107,127,1366,100,1.7559,0.2116,5
615,623,2197352,2197376,111,21,24,12919,106,127,1366,100,2.0453,0.3241,5
614,622,2206544,2206572,161,18,28,18877,108,134,1364,100,2.2068,0.3725,5
614,622,2215716,2215730,68,13,14,7990,109,133,1364,100,1.8325,0.2195,5
616,622,2224908,2224928,87,15,20,10196,109,127,1364,100,1.9395,0.2288,5
612,622,2237084,2237099,87,15,15,10024,106,127,1364,100,1.9395,0.266,5
38,49,735612,735624,113,11,12,12652,93,130,1707,100,2.0531,0.2432,6
1252,1348,355940,356016,1812,119,135,196003,82,132,1687,80,3.2582,1,6
1095,1102,3028545,3028556,41,8,11,4533,100,123,1467,120,1.6128,0.1822,6
193,210,612201,612252,588,18,51,62182,73,135,1353,290,2.7694,0.9774,6
1159,1170,32914,32926,106,11,12,12792,100,134,1353,185,2.0253,0.2432,6
366,392,228379,228429,612,46,52,71337,103,127,1687,200,2.7868,0.9987,6
837,850,231429,231443,155,13,14,16093,55,134,1687,200,2.1903,0.3097,6
390,402,2513153,2513182,247,14,29,26419,88,126,1387,50,2.3927,0.5757,6
1351,1360,4807459,4807479,135,12,21,13096,89,109,1387,50,2.1303,0.3068,6
1325,1336,4848223,4848269,376,13,47,37703,91,117,1387,50,2.5752,0.7955,6
1164,1173,466028,466057,202,15,29,21408,85,122,1353,70,2.3054,0.4317,6
542,564,51943,51952,132,32,20,14760,104,119,1227,40,2.1206,0.3329,6
367,374,303225,303262,198,10,37,22581,101,127,1227,40,2.2967,0.4284,6
932,943,3020344,3020360,128,12,16,13996,88,126,1687,50,2.1072,0.3012,6
516,528,1346892,1346908,143,15,16,14742,76,125,1353,70,2.1553,0.3241,6
1332,1347,70219,70241,221,19,22,24230,97,124,1687,70,2.3444,0.5461,6
480,492,1263623,1263637,114,15,14,12221,80,125,1687,70,2.0569,0.2901,6
699,740,1503538,1503546,176,44,15,18466,90,119,1353,50,2.2455,0.5428,6
431,444,1587172,1587191,176,21,19,19565,86,135,1353,50,2.2455,0.4089,6
96,132,7430,7458,513,42,29,62225,105,139,1353,50,2.7101,0.991,6
873,900,1099506,1099516,150,27,12,16873,96,129,1353,50,2.1761,0.4465,6
525,538,2922516,2922536,181,16,20,19537,78,130,1353,50,2.2577,0.43,6
83,99,690095,690120,279,21,25,30271,61,135,1366,80,2.4456,0.6574,6
99,115,203973,203987,106,25,16,12782,108,134,1362,80,2.0253,0.3725,6
383,396,133188,133203,127,19,15,13938,90,135,1688,60,2.1038,0.3285,6
936,944,597956,597966,50,10,10,5345,93,127,1692,60,1.699,0.1852,6
1010,1017,673841,673860,88,14,19,9432,95,125,1692,60,1.9445,0.2445,6
955,963,731417,731423,34,10,6,3553,91,119,1692,60,1.5315,0.1551,6
1297,1305,817238,817245,46,8,8,5226,97,133,1690,60,1.6628,0.1622,6
1116,1124,861912,861921,38,12,10,4409,104,132,1690,60,1.5798,0.1773,6
1307,1314,968156,968164,35,9,9,4108,102,132,1692,60,1.5441,0.1622,6
935,947,1035255,1035264,66,14,9,6760,84,127,1690,60,1.8195,0.215,6
565,572,1074269,1074276,39,9,7,4442,101,134,1690,60,1.5911,0.156,6
372,381,1131516,1131524,38,11,8,4304,96,125,1690,60,1.5798,0.1773,6
1609,1616,1168986,1168994,32,9,8,3094,85,110,1688,60,1.5051,0.1622,6
748,758,1199744,1199753,67,12,10,7367,87,134,1690,60,1.8261,0.1954,6
189,199,1290093,1290103,64,11,10,7736,103,145,1690,60,1.8062,0.2061,6
1559,1573,1658945,1658959,115,19,14,10923,71,118,1694,60,2.0607,0.33,6
764,779,2070108,2070121,134,20,13,13696,67,127,1692,60,2.1271,0.3285,6
1633,1642,2097069,2097080,69,12,11,6235,77,109,1692,60,1.8389,0.2051,6
133,142,2243918,2243932,101,12,14,11300,95,135,1692,60,2.0043,0.2359,6
501,531,2455610,2455644,617,53,43,65563,70,135,1688,60,2.7903,0.9917,6
973,986,2563697,2563708,93,14,11,9363,75,119,1690,60,1.9685,0.257,6
1627,1637,2637324,2637334,68,10,10,6567,83,109,1690,60,1.8325,0.2061,6
967,976,2690125,2690135,67,13,10,6947,84,119,1690,60,1.8261,0.1954,6
1126,1135,2829623,2829653,166,23,31,18674,91,132,1692,60,2.2201,0.4465,6
561,571,2993150,2993160,75,13,10,8457,93,135,1692,60,1.8751,0.2061,6
1338,1348,3023370,3023381,82,14,11,9124,93,127,1694,60,1.9138,0.2173,6
1357,1370,3378464,3378474,81,15,10,8996,91,133,1692,60,1.9085,0.2408,6
512,521,3406368,3406376,55,11,8,6241,97,133,1692,60,1.7404,0.1773,6
1606,1620,3457631,3457651,208,23,21,17619,61,109,1686,60,2.3181,0.463,6
532,544,3581245,3581267,148,25,23,16061,91,127,1686,60,2.1703,0.4366,6
1393,1402,92878,92896,126,15,18,12598,84,124,1688,60,2.1004,0.2819,6
744,757,113269,113291,162,21,23,17124,85,124,1690,60,2.2095,0.4729,6
595,607,140744,140756,100,15,12,11247,85,132,1692,60,2,0.2583,6
669,692,328431,328453,329,26,23,33217,58,127,1690,60,2.5172,0.7955,6
908,914,414919,414931,52,11,12,5249,86,118,1692,60,1.716,0.1773,6
368,380,484193,484208,138,17,16,15501,91,135,1690,60,2.1399,0.3068,6
1628,1638,589740,589752,87,15,12,8047,82,109,1692,60,1.9395,0.2288,6
213,223,625577,625588,87,16,11,9527,84,132,1692,60,1.9395,0.2173,6
117,124,800126,800138,56,10,12,6459,104,132,1690,60,1.7482,0.1892,6
64,92,902589,902622,659,50,34,61890,49,132,1688,60,2.8189,0.9844,6
129,140,970962,970972,66,14,10,7537,101,131,1684,60,1.8195,0.2173,6
104,120,1046565,1046583,184,20,18,19728,77,133,1688,60,2.2648,0.4763,6
52,88,1082492,1082521,662,55,33,61753,44,126,1690,60,2.8209,0.9929,6
1051,1066,1250608,1250629,184,23,21,20124,82,127,1690,60,2.2648,0.5212,6
539,547,1294968,1294979,70,9,11,7964,94,133,1688,60,1.8451,0.1934,6
947,960,1388292,1388304,107,15,12,10416,65,119,1690,60,2.0294,0.2739,6
541,556,1540628,1540636,84,17,8,9571,99,133,1690,60,1.9243,0.2288,6
118,128,1566617,1566638,126,22,21,13355,90,119,1690,60,2.1004,0.3509,6
1063,1071,1593977,1593992,90,12,15,10036,93,135,1692,60,1.9542,0.2288,6
1084,1096,1635847,1635864,144,16,17,15517,84,134,1694,60,2.1584,0.3419,6
1531,1539,1757997,1758011,67,13,15,6652,86,111,1688,60,1.8261,0.2195,6
24,33,2089982,2089996,94,13,14,8943,78,109,1690,60,1.9731,0.2359,6
155,168,2274364,2274383,163,18,19,18196,93,133,1688,60,2.2122,0.4089,6
1005,1030,2315017,2315030,204,30,17,22388,95,124,1690,60,2.3096,0.5378,6
30,38,2488268,2488282,78,10,14,7387,79,110,1692,60,1.8921,0.2195,6
881,891,2921961,2921970,62,11,9,6294,80,118,1688,60,1.7924,0.1954,6
280,292,2946689,2946700,110,15,11,11881,83,133,1690,60,2.0414,0.2432,6
1250,1262,3294606,3294616,65,14,10,7394,103,127,1690,60,1.8129,0.2288,6
1317,1326,3426581,3426590,58,11,9,6412,97,124,1692,60,1.7634,0.1862,6
438,447,3579130,3579140,68,11,10,7579,94,132,1688,60,1.8325,0.1954,6
1643,1681,951875,951917,822,88,63,70737,71,101,1692,70,2.9149,0.9998,6
1680,1689,990614,990624,68,10,10,3507,21,82,1692,70,1.8325,0.1954,6
1674,1684,1161637,1161649,59,14,12,4717,72,93,1692,70,1.7708,0.2288,6
1678,1687,1465348,1465360,71,11,12,3944,22,86,1690,70,1.8513,0.215,6
1641,1665,2961860,2961953,1130,102,101,99671,77,103,1692,70,3.0531,1,6
1633,1656,2987424,2987515,1125,83,92,100842,76,111,1692,70,3.0512,1,6
1638,1647,3009085,3009096,66,16,11,6385,88,109,1692,70,1.8195,0.2051,6
677,686,3379334,3379344,69,12,10,7774,95,132,1682,70,1.8389,0.1954,6
1575,1590,3403338,3403364,255,25,26,23784,77,109,1684,70,2.4065,0.6422,6
723,734,3857540,3857548,78,13,8,8757,87,132,1688,70,1.8921,0.1934,6
759,768,3896732,3896740,54,10,8,6028,90,127,1690,70,1.7324,0.1773,6
188,198,3942253,3942263,74,11,10,8375,95,134,1688,70,1.8692,0.2061,6
339,355,3962284,3962304,250,20,20,25833,77,124,1692,70,2.3979,0.5296,6
143,151,3986260,3986268,51,10,8,5716,102,125,1694,70,1.7076,0.1696,6
868,879,4048592,4048602,86,11,10,8851,90,117,1688,70,1.9345,0.2173,6
396,404,99636,99644,55,10,8,6860,111,142,1690,70,1.7404,0.1696,6
508,518,257756,257770,110,13,14,12127,92,132,1686,70,2.0414,0.2532,6
1134,1156,728281,728304,375,32,23,34485,48,132,1364,70,2.574,0.7955,6
251,260,961360,961371,67,11,11,7550,99,125,1364,70,1.8261,0.2051,6
682,693,1620649,1620667,126,15,18,14330,104,133,1354,40,2.1004,0.3329,6
19,24,1709640,1709661,76,13,21,9498,118,135,1358,40,1.8808,0.2116,6
1084,1167,1803992,1804016,880,109,61,103662,101,134,1358,40,2.9445,1,6
920,928,1862719,1862728,52,9,9,5816,101,126,1358,40,1.716,0.1773,6
21,27,1988956,1988984,112,21,28,13196,110,132,1356,40,2.0492,0.2901,6
57,64,2014358,2014368,59,11,10,7052,107,134,1356,40,1.7708,0.1753,6
205,214,2039121,2039135,84,14,14,9767,105,132,1356,40,1.9243,0.2359,6
1327,1332,2062989,2063003,55,11,14,6074,102,124,1354,40,1.7404,0.1753,6
482,490,2102085,2102099,68,14,14,7747,105,127,1354,40,1.8325,0.2195,6
1317,1324,2166062,2166078,78,12,16,9381,110,132,1352,40,1.8921,0.2195,6
17,23,2433462,2433491,122,16,29,14032,107,127,1352,40,2.0864,0.2984,6
828,837,2451285,2451296,67,13,11,8107,112,134,1350,40,1.8261,0.2051,6
724,733,3320084,3320092,56,14,8,5857,87,124,1380,40,1.7482,0.1773,6
593,603,3384541,3384556,101,15,15,11431,99,125,1376,40,2.0043,0.266,6
1049,1058,3577116,3577127,67,12,11,7881,106,132,1376,40,1.8261,0.2051,6
1312,1322,4118358,4118372,77,15,14,8558,104,119,1350,40,1.8865,0.2532,6
459,470,4165780,4165792,89,14,12,10504,108,127,1352,40,1.9494,0.2432,6
487,497,4186980,4186988,52,20,8,6999,130,141,1352,40,1.716,0.1852,6
204,226,921087,921104,105,37,20,13505,100,148,1368,69,2.0212,0.6173,6
576,586,1581945,1581952,54,12,7,7555,123,159,1652,69,1.7324,0.1753,6
1582,1592,1612840,1612870,193,25,30,18218,78,111,1654,69,2.2856,0.4963,6
967,982,1659737,1659760,223,24,23,21349,63,124,1652,69,2.3483,0.5708,6
1287,1296,1695433,1695447,86,16,14,9848,100,133,1652,69,1.9345,0.2359,6
1285,1293,1715283,1715307,110,20,24,12413,100,127,1650,69,2.0414,0.3241,6
57,67,4121201,4121214,81,16,13,9137,98,127,1646,69,1.9085,0.2408,6
715,732,5260241,5260250,116,18,10,12530,88,134,1650,69,2.0645,0.2699,6
1358,1376,5492080,5492091,110,34,16,14087,113,140,1650,69,2.0414,0.3329,6
203,222,5521699,5521708,89,32,14,11922,123,150,1650,69,1.9494,0.2942,6
1345,1358,5550892,5550899,51,14,11,6525,120,141,1650,69,1.7076,0.1965,6
146,169,5714647,5714652,76,24,7,10286,120,151,1650,69,1.8808,0.223,6
305,313,836762,836771,51,10,9,5779,92,134,1690,150,1.7076,0.1773,6
1041,1056,1276792,1276817,252,20,25,28061,92,135,1652,100,2.4014,0.6189,6
1261,1273,1592233,1592247,102,24,15,13464,118,149,1650,100,2.0086,0.2901,6
206,239,1785718,1785787,979,126,108,118187,106,141,1660,100,2.9908,1,6
814,823,119924,119932,52,10,8,4695,74,103,1662,100,1.716,0.1773,6
673,695,890920,890940,290,28,22,26213,43,124,1710,100,2.4624,0.7147,6
1161,1170,2173332,2173340,56,10,9,5966,90,124,1710,100,1.7482,0.1773,6
912,927,3597508,3597517,56,19,11,7390,120,143,1658,100,1.7482,0.2469,6
1145,1154,595201,595245,226,23,44,24834,93,126,1358,100,2.3541,0.6514,6
1307,1325,971525,971551,187,32,28,20916,101,126,1358,100,2.2718,0.7512,6
557,567,1130873,1130901,171,23,28,17836,92,124,1360,100,2.233,0.463,6
1245,1263,1349778,1349811,383,37,33,41476,97,125,1360,100,2.5832,0.8749,6
1272,1285,1954485,1954498,120,17,13,12847,83,132,1360,100,2.0792,0.2914,6
657,678,2134924,2134950,425,28,26,37025,48,124,1356,100,2.6284,0.8355,6
1175,1187,2488529,2488541,111,14,12,11868,93,124,1352,100,2.0453,0.2583,6
1307,1316,2633467,2633484,96,21,18,11447,108,134,1362,100,1.9823,0.2699,6
919,931,3178549,3178563,133,14,14,14163,84,126,1358,100,2.1239,0.2901,6
320,329,9754896,9754906,63,12,10,6884,89,126,1356,100,1.7993,0.1954,6
661,669,2183073,2183084,69,11,11,6811,78,116,1362,120,1.8389,0.1934,6
553,567,745890,745905,165,16,15,16601,70,124,1632,100,2.2175,0.3509,6
1467,1482,1144047,1144070,245,20,23,23122,56,118,1656,80,2.3892,0.5708,6
929,939,1248676,1248687,88,13,11,9120,88,118,1656,80,1.9445,0.2173,6
165,176,1293999,1294012,106,11,13,11973,96,128,1654,80,2.0253,0.257,6
267,280,1786108,1786124,154,19,16,17564,93,132,1656,80,2.1875,0.3479,6
1605,1613,2158132,2158152,88,21,20,7182,67,94,1656,80,1.9445,0.2792,6
1588,1602,2338856,2338875,169,20,19,14689,64,103,1654,80,2.2279,0.4399,6
957,966,2591828,2591841,80,12,13,8091,91,112,1648,80,1.9031,0.2253,6
248,255,3568704,3568718,63,12,14,7202,104,127,1648,80,1.7993,0.204,6
847,858,3658081,3658092,84,15,11,8532,83,118,1646,80,1.9243,0.23,6
953,962,3681237,3681252,79,12,15,8132,86,124,1646,80,1.8976,0.2469,6
532,542,3706296,3706306,66,14,10,7519,97,132,1646,80,1.8195,0.2061,6
253,279,3802023,3802044,350,31,25,37664,78,134,1648,80,2.5441,0.8355,6
63,73,3947227,3947239,85,11,12,9693,95,133,1648,80,1.9294,0.2288,6
389,404,4072432,4072440,82,16,9,9431,100,127,1648,80,1.9138,0.2288,6
576,583,4235272,4235283,60,11,11,6887,102,127,1648,80,1.7781,0.1822,6
93,103,4630871,4630888,108,17,17,12886,102,135,1648,80,2.0334,0.2928,6
395,404,4726828,4726836,57,10,8,6684,101,136,1646,80,1.7559,0.1773,6
61,67,799291,799301,34,8,10,2588,61,95,1690,211,1.5315,0.1659,6
1538,1562,830518,830524,51,25,11,4561,77,103,1686,211,1.7076,0.2583,6
477,488,1134907,1134921,116,18,14,11801,64,134,1692,143,2.0645,0.2712,6
965,975,1219062,1219077,79,17,15,10188,115,149,1682,143,1.8976,0.266,6
1474,1489,1248833,1248844,114,18,12,13680,101,141,1694,60,2.0569,0.286,6
933,941,271824,271831,38,9,7,3963,85,119,1696,100,1.5798,0.1622,6
1135,1141,287964,287972,32,9,8,3772,105,133,1698,100,1.5051,0.1551,6
1179,1185,496422,496428,25,6,6,2918,105,133,1694,100,1.3979,0.1449,6
976,985,733668,733675,45,10,7,4664,86,126,1694,100,1.6532,0.1687,6
611,625,468991,469023,223,31,32,25800,106,130,1626,70,2.3483,0.7254,6
1441,1450,492452,492461,62,12,9,6582,91,124,1626,70,1.7924,0.1862,6
359,370,652992,653004,84,13,12,9522,87,134,1628,70,1.9243,0.2432,6
1224,1237,812031,812044,137,16,13,14536,81,128,1626,70,2.1367,0.2914,6
729,742,832264,832282,148,21,19,15761,96,117,1626,70,2.1703,0.3882,6
869,877,899390,899399,52,9,9,5483,91,119,1626,70,1.716,0.1773,6
1009,1020,1067161,1067171,68,14,10,7634,96,132,1624,70,1.8325,0.2173,6
1410,1420,1164921,1164931,60,12,10,6342,88,124,1624,70,1.7781,0.2061,6
1515,1528,1206028,1206040,113,14,12,10683,75,110,1624,70,2.0531,0.2739,6
386,394,1304617,1304626,51,10,9,5795,100,133,1624,70,1.7076,0.1773,6
1267,1278,1340865,1340875,70,12,10,7890,91,131,1624,70,1.8451,0.2173,6
1065,1075,1379196,1379206,66,13,10,7502,98,135,1624,70,1.8195,0.2061,6
1297,1308,1439661,1439674,104,16,13,12367,110,132,1626,70,2.017,0.257,6
101,114,1467096,1467110,140,18,14,15073,90,127,1624,70,2.1461,0.3097,6
924,935,1519112,1519120,64,14,8,6913,94,121,1624,70,1.8062,0.1934,6
993,1004,1589161,1589168,57,12,7,6528,103,126,1626,70,1.7559,0.1822,6
996,1009,1627293,1627306,114,16,14,12284,79,126,1626,70,2.0569,0.2914,6
984,994,1802170,1802178,58,10,8,6651,99,134,1628,70,1.7634,0.1852,6
586,616,1862942,1862979,767,42,37,55228,12,134,1624,70,2.8848,0.9954,6
1215,1223,1940686,1940699,66,10,13,7467,101,123,1624,70,1.8195,0.2105,6
990,998,1973168,1973176,59,8,8,6543,93,122,1622,70,1.7708,0.1696,6
1233,1245,2093622,2093633,93,14,11,10797,91,134,1696,85,1.9685,0.2432,6
853,862,15184,15196,84,11,12,10694,102,150,1696,85,1.9243,0.215,6
1123,1140,34172,34180,76,18,8,10680,130,150,1698,85,1.8808,0.2482,6
965,975,71777,71788,63,16,12,9037,136,156,1696,85,1.7993,0.2173,6
806,815,1204128,1204136,52,10,8,5328,83,124,1352,80,1.716,0.1773,6
726,738,1286481,1286491,84,12,10,8949,84,125,1352,80,1.9243,0.2288,6
770,780,1608591,1608609,121,14,18,12773,91,124,1354,80,2.0828,0.3068,6
893,902,1664446,1664455,61,11,9,6682,92,133,1356,80,1.7853,0.1862,6
559,571,1975680,1975691,75,15,11,8166,89,140,1352,80,1.8751,0.2432,6
919,928,2702154,2702164,72,14,10,7551,82,132,1356,80,1.8573,0.1954,6
895,904,10343919,10343928,50,11,9,6005,112,127,1360,40,1.699,0.1862,6
312,322,10391495,10391507,88,13,12,9643,91,126,1358,40,1.9445,0.2288,6
1145,1159,10507433,10507445,107,15,12,12374,104,126,1358,40,2.0294,0.2901,6
681,692,564704,564721,147,17,17,14809,78,118,1358,50,2.1673,0.3168,6
771,778,1264388,1264403,84,9,15,9968,107,133,1358,50,1.9243,0.2116,6
755,761,1362991,1362998,32,6,7,3355,98,111,1358,50,1.5051,0.1499,6
735,746,1759941,1759951,62,11,10,6884,93,127,1360,50,1.7924,0.2173,6
338,348,393428,393468,273,31,40,29865,93,125,1376,40,2.4362,0.6574,6
496,527,3889348,3889402,1176,67,60,117153,56,124,1668,40,3.0704,0.9999,6
1259,1302,3928519,3928612,2400,96,95,260185,69,132,1664,40,3.3802,1,6
734,747,3980510,3980528,177,18,18,19435,91,126,1666,40,2.248,0.3882,6
733,740,4022585,4022595,61,10,10,6588,91,119,1668,40,1.7853,0.1753,6
1110,1126,4349724,4349745,220,19,21,27851,115,140,1666,40,2.3424,0.556,6
282,291,455871,455881,67,11,10,7391,96,125,1374,40,1.8261,0.1954,6
572,584,228293,228336,341,39,43,44484,121,140,1362,40,2.5327,0.8061,6
522,528,281944,281958,57,8,14,6661,110,125,1362,40,1.7559,0.1892,6
1038,1047,603596,603608,80,12,12,9136,100,133,1358,40,1.9031,0.215,6
575,587,1279980,1279991,111,15,11,11861,84,124,1362,40,2.0453,0.2432,6
803,814,135392,135403,98,14,11,10137,84,126,1358,200,1.9912,0.23,6
1145,1157,2613103,2613123,168,15,20,19901,105,135,1362,40,2.2253,0.3977,6
371,385,2794886,2794911,172,24,25,19549,105,125,1362,40,2.2355,0.5789,6
355,378,2820561,2820612,631,46,51,68349,91,133,1364,40,2.8,0.997,6
362,388,2839568,2839625,1015,49,59,105560,76,132,1364,40,3.0065,0.9996,6
228,253,3458746,3458793,561,57,50,60112,61,124,1362,40,2.749,0.997,6
787,1316,3544454,3544490,8391,609,343,991612,103,140,1364,40,3.9238,1,6
395,419,4680348,4680372,158,65,39,18480,111,126,1364,40,2.1987,0.8612,6
1338,1346,7851,7865,60,13,14,5577,86,102,1366,185,1.7781,0.2195,6
10,17,783146,783156,51,10,10,5141,93,116,1364,185,1.7076,0.1753,6
1221,1232,87916,87927,90,17,11,9216,85,124,1362,175,1.9542,0.23,6
751,763,424082,424112,212,38,32,23916,90,125,1358,175,2.3263,0.5951,6
1289,1305,534066,534095,217,60,39,26032,108,133,1360,175,2.3365,0.7462,6
1015,1023,639490,639507,81,17,17,10095,113,143,1362,175,1.9085,0.2482,6
693,705,697863,697905,239,30,43,27364,100,126,1360,175,2.3784,0.7933,6
979,992,724192,724202,59,15,11,7330,112,141,1360,175,1.7708,0.2408,6
950,957,852041,852053,63,9,12,7758,115,141,1360,175,1.7993,0.1892,6
1044,1054,950109,950148,215,28,39,25269,105,134,1360,175,2.3324,0.6422,6
98,164,189519,189532,350,107,39,46379,125,143,1364,100,2.5441,0.976,6
1131,1159,288152,288161,112,44,16,14403,120,141,1364,100,2.0492,0.417,6
125,149,356611,356625,170,39,20,22467,123,141,1362,100,2.2304,0.556,6
81,109,373946,373961,153,58,29,19616,118,143,1362,100,2.1847,0.6868,6
157,179,395408,395420,140,43,13,17898,118,141,1360,100,2.1461,0.4366,6
159,194,413476,413490,168,53,30,21548,120,143,1362,100,2.2253,0.7776,6
239,282,505112,505127,226,64,33,28906,120,141,1360,100,2.3541,0.9076,6
315,341,530471,530483,116,32,19,14912,121,142,1360,100,2.0645,0.5162,6
305,318,551913,551924,104,18,12,11469,97,126,1360,100,2.017,0.257,6
309,320,574196,574216,156,17,20,15848,74,127,1362,100,2.1931,0.3663,6
187,203,594752,594771,136,50,27,17433,119,143,1364,100,2.1335,0.5029,6
311,323,618457,618502,377,33,45,36933,59,132,1364,100,2.5763,0.8299,6
1318,1329,2287245,2287276,224,25,31,22017,77,126,1364,100,2.3503,0.5642,6
1293,1304,3626796,3626816,163,18,20,16916,83,126,1362,50,2.2122,0.3663,6
794,806,2294295,2294312,172,14,18,19457,91,134,1360,40,2.2355,0.3419,6
1215,1232,1545468,1545486,184,42,22,22708,115,135,1628,120,2.2648,0.5063,6
822,842,820681,820708,304,30,28,34001,85,133,1360,175,2.4829,0.8299,6
1283,1297,324225,324243,140,22,19,16020,105,126,1358,40,2.1461,0.417,6
749,768,337093,337112,262,21,19,29349,88,133,1360,40,2.4183,0.5967,6
1120,1141,350893,350910,261,27,17,29526,88,132,1356,40,2.4166,0.5903,6
1192,1205,521912,521925,101,22,13,11601,108,125,1356,40,2.0043,0.2914,6
498,509,261713,261732,144,17,19,15785,88,132,1356,40,2.1584,0.3494,6
354,370,409908,409918,116,19,10,12174,82,126,1360,40,2.0645,0.2792,6
860,883,61614,61648,563,36,34,58906,83,133,1306,40,2.7505,0.9608,6
581,652,148364,148463,3187,208,198,336567,87,127,1306,40,3.5034,1,6
1214,1227,365205,365227,210,20,22,21547,70,127,1308,40,2.3222,0.4729,6
818,829,657566,657580,112,13,14,12587,86,133,1306,40,2.0492,0.2712,6
19,28,877413,877428,114,14,15,11442,81,125,1306,40,2.0569,0.2469,6
71,86,1119116,1119168,446,43,52,48231,96,127,1308,40,2.6493,0.9603,6
262,274,849219,849235,139,15,16,14610,71,126,1690,120,2.143,0.3241,6
112,127,33720,33737,178,16,17,17274,69,125,1692,80,2.2504,0.4219,6
118,133,125813,125827,128,17,15,14234,87,133,1692,80,2.1072,0.3509,6
559,592,274608,274631,460,52,41,54324,103,134,1694,80,2.6628,0.9546,6
181,191,398801,398815,112,15,14,11998,87,126,1794,80,2.0492,0.2532,6
1494,1506,547500,547511,102,15,11,9367,77,110,1696,80,2.0086,0.2432,6
1539,1556,625496,625516,260,24,20,21865,52,110,1692,80,2.415,0.5626,6
1348,1360,662867,662880,106,16,14,10152,73,124,1696,80,2.0253,0.2739,6
763,780,677184,677200,178,20,16,17592,50,126,1694,80,2.2504,0.4498,6
189,232,712491,712528,561,106,62,75006,120,150,1694,80,2.749,0.9998,6
1641,1664,769086,769100,186,35,18,19132,87,125,1694,80,2.2695,0.5329,6
1372,1388,784148,784164,131,22,17,16983,118,142,1694,80,2.1173,0.4235,6
91,178,815573,815711,3234,198,207,348957,75,141,1692,80,3.5097,1,6
161,317,830128,830232,4663,709,425,606744,115,156,1694,80,3.6687,1,6
284,335,841077,841149,1095,192,134,142791,117,150,1694,80,3.0394,1,6
174,222,884609,884631,505,83,41,56864,97,127,1694,80,2.7033,0.9935,6
90,131,906500,906534,571,58,43,62823,73,252,1692,80,2.7566,0.9993,6
195,225,921071,921130,790,103,83,104560,119,149,1692,80,2.8976,0.9999,6
73,110,939291,939346,903,76,83,100112,91,134,1694,80,2.9557,1,6
95,127,961065,961092,551,44,27,53142,56,128,1692,80,2.7411,0.9769,6
174,203,1008474,1008502,328,69,41,37200,101,126,1692,80,2.5159,0.9676,6
57,81,1022956,1022976,270,31,25,31583,95,135,1694,80,2.4314,0.7659,6
293,314,1044255,1044283,210,41,29,27761,119,148,1694,80,2.3222,0.8705,6
387,403,1349016,1349036,231,25,20,23488,65,126,1694,80,2.3636,0.5296,6
1203,1218,75224,75234,109,18,11,11425,71,133,1684,70,2.0374,0.266,6
630,649,96205,96225,254,26,20,28955,89,135,1684,70,2.4048,0.6268,6
888,900,172100,172111,105,15,11,10269,59,126,1686,70,2.0212,0.2432,6
1111,1126,238390,238406,166,17,16,16566,61,134,1686,70,2.2201,0.3977,6
1272,1286,290640,290652,125,15,12,12560,61,125,1688,70,2.0969,0.2901,6
832,856,310567,310597,335,39,31,35066,82,127,1690,70,2.525,0.9419,6
671,682,334988,335000,101,12,12,11471,81,140,1690,70,2.0043,0.2432,6
1073,1088,433186,433198,143,15,12,14669,61,127,1686,70,2.1553,0.3068,6
1121,1135,507537,507548,114,17,11,11979,67,132,1688,70,2.0569,0.2712,6
567,580,532545,532556,110,16,11,11890,75,140,1690,70,2.0414,0.257,6
1210,1222,563227,563239,114,14,12,12063,79,127,1688,70,2.0569,0.2583,6
1031,1045,621518,621530,115,15,12,11562,68,127,1688,70,2.0607,0.2901,6
1128,1141,643180,643193,124,17,13,13135,81,127,1686,70,2.0934,0.2914,6
1077,1090,699354,699365,114,15,11,11778,71,132,1690,70,2.0569,0.257,6
1034,1047,778450,778465,132,16,15,13800,68,140,1688,70,2.1206,0.3285,6
604,621,850713,850745,282,37,33,33577,61,159,1688,70,2.4502,0.8336,6
1598,1610,1569522,1569536,125,14,14,12047,73,125,1688,70,2.0969,0.2901,6
1611,1629,1720569,1720592,263,25,23,24172,59,124,1688,70,2.42,0.6781,6
1457,1466,1928741,1928773,192,24,32,19002,82,125,1688,70,2.2833,0.4763,6
1065,1078,1955642,1955655,121,18,14,12705,65,150,1688,70,2.0828,0.2914,6
1619,1637,2051872,2051892,248,18,20,22134,53,124,1692,70,2.3944,0.5951,6
1449,1461,2083961,2083975,108,17,14,10704,69,127,1690,70,2.0334,0.2901,6
1630,1644,2115318,2115330,115,17,12,10115,67,116,1690,70,2.0607,0.2901,6
1588,1610,3353146,3353173,408,30,27,37889,57,125,1690,70,2.6107,0.8749,6
1069,1101,49572,49595,463,37,24,53525,97,132,1358,40,2.6656,0.9474,6
909,918,340224,340244,121,12,20,14047,97,134,1356,40,2.0828,0.3068,6
896,904,726664,726679,75,16,15,9062,104,132,1356,40,1.8751,0.2288,6
896,904,801872,801889,65,12,17,7974,113,135,1354,40,1.8129,0.2482,6
581,594,55732,55743,108,14,11,11169,77,127,1322,40,2.0334,0.257,6
1245,1254,964339,964360,133,16,21,14874,105,125,1322,40,2.1239,0.3197,6
1160,1168,1225386,1225405,63,21,19,7273,107,126,1320,40,1.7993,0.2686,6
778,786,1281918,1281928,50,10,10,5867,105,132,1324,40,1.699,0.1852,6
1157,1164,1331507,1331522,62,13,15,7312,109,127,1322,40,1.7924,0.2116,6
476,493,185445,185462,204,27,21,21661,98,116,1696,60,2.3096,0.4779,6
778,800,534067,534079,104,31,17,10675,89,124,1368,80,2.017,0.4366,6
1268,1285,571986,572004,196,23,18,18986,82,118,1368,80,2.2923,0.5063,6
377,434,1171429,1171441,181,83,34,23075,113,151,1370,80,2.2577,0.9272,6
391,420,1312199,1312217,129,48,35,16308,112,150,1368,80,2.1106,0.8123,6
691,713,1446060,1446073,143,39,24,15000,93,119,1366,80,2.1553,0.4729,6
227,256,1593586,1593597,126,51,36,15951,112,148,1368,80,2.1004,0.5279,6
174,205,1775809,1775815,110,32,17,13904,111,149,1368,80,2.0414,0.3154,6
1038,1051,2506147,2506159,101,16,12,10318,74,124,1364,80,2.0043,0.2739,6
1069,1092,2685547,2685564,181,38,25,17588,82,124,1362,80,2.2577,0.6438,6
1066,1088,2750749,2750765,122,31,23,11743,82,116,1364,80,2.0864,0.5822,6
1068,1085,2783339,2783352,105,24,15,10605,90,124,1364,80,2.0212,0.3678,6
1069,1090,2993390,2993405,113,40,21,10613,82,116,1364,80,2.0531,0.5212,6
1065,1083,3029617,3029632,155,27,17,14896,83,126,1364,80,2.1903,0.4465,6
1177,1195,3120281,3120291,107,27,11,10136,81,126,1364,80,2.0294,0.3068,6
1219,1234,3134228,3134249,118,32,21,12348,78,132,1364,80,2.0719,0.5212,6
1065,1084,3160062,3160080,147,26,24,14121,85,124,1364,80,2.1673,0.5659,6
1065,1088,3203535,3203555,147,43,30,14312,84,124,1364,80,2.1673,0.7411,6
1065,1080,3232524,3232534,105,21,12,10284,85,111,1362,80,2.0212,0.266,6
1063,1083,3257887,3257901,102,27,15,9714,84,116,1362,80,2.0086,0.463,6
1061,1085,3326735,3326756,161,44,39,15643,85,124,1362,80,2.2068,0.7933,6
1057,1084,3373856,3373874,168,44,26,16835,86,125,1364,80,2.2253,0.7729,6
1060,1080,3402848,3402864,125,29,20,11804,81,108,1364,80,2.0969,0.5296,6
1061,1082,3420976,3420988,118,28,16,11084,82,111,1366,80,2.0719,0.417,6
1058,1084,3522485,3522508,196,38,27,19028,84,117,1364,80,2.2923,0.8778,6
1306,1322,3632953,3632989,308,44,44,29612,82,125,1364,80,2.4885,0.8612,6
309,342,3744532,3744552,274,46,29,31551,101,133,1364,80,2.4378,0.9157,6
1059,1080,3787187,3787204,129,40,24,12571,84,124,1364,80,2.1106,0.5903,6
1087,1103,3814057,3814076,194,28,23,22254,101,132,1364,80,2.2878,0.5029,6
1040,1078,3967177,3967197,313,72,35,37460,106,135,1366,80,2.4955,0.9549,6
1041,1059,3981657,3981677,114,31,24,13292,104,132,1364,80,2.0569,0.5951,6
1078,1098,3996148,3996170,152,37,35,17532,100,132,1364,80,2.1818,0.7147,6
1043,1061,4019353,4019368,117,23,17,11880,89,118,1362,80,2.0682,0.4465,6
1031,1056,4348498,4348516,146,44,28,16861,102,134,1362,80,2.1644,0.7281,6
1056,1077,4364066,4364076,106,35,22,10747,89,116,1362,80,2.0253,0.3509,6
1116,1151,4387848,4387862,175,53,32,20658,104,134,1364,80,2.243,0.7776,6
1043,1076,4399271,4399296,208,64,49,23267,96,133,1364,80,2.3181,0.9703,6
1097,1114,4413249,4413282,238,62,41,27036,96,134,1362,80,2.3766,0.8488,6
197,263,4458892,4458905,385,72,37,45215,103,135,1364,80,2.5855,0.976,6
1103,1122,4474894,4474920,289,57,33,33682,99,134,1366,80,2.4609,0.7822,6
1067,1103,4532922,4532948,364,99,60,41956,99,133,1358,100,2.5611,0.9856,6
659,686,4194670,4194684,169,47,27,20262,107,135,1356,100,2.2279,0.6236,6
981,992,467888,467902,102,16,14,12417,115,132,1356,40,2.0086,0.2712,6
1120,1145,2530763,2530797,574,35,35,64288,89,126,1358,40,2.7589,0.9747,6
550,567,4625112,4625136,194,26,24,21649,99,126,1360,40,2.2878,0.6693,6
758,785,4758137,4758179,780,47,45,84630,77,127,1362,40,2.8921,0.9961,6
634,655,5303273,5303295,336,30,25,35912,79,127,1362,40,2.5263,0.7436,6
1085,1098,5464636,5464649,129,15,13,15121,101,134,1362,40,2.1106,0.2914,6
1134,1145,5798193,5798213,143,20,21,16538,104,134,1362,40,2.1553,0.3663,6
576,588,5916473,5916489,141,15,16,15515,99,126,1360,40,2.1492,0.3241,6
1152,1167,6571361,6571375,133,19,14,15524,107,127,1362,40,2.1239,0.3509,6
609,621,6791894,6791907,101,16,13,11579,101,127,1362,40,2.0043,0.2739,6
701,717,7156447,7156460,147,20,13,16975,104,132,1360,40,2.1673,0.3479,6
345,360,7203465,7203481,163,21,16,18644,99,127,1360,40,2.2122,0.3977,6
651,666,11150448,11150470,238,23,22,25516,78,127,1364,40,2.3766,0.5461,6
889,921,12438460,12438491,699,38,32,79690,78,132,1360,40,2.8445,0.99,6
1094,1124,12806495,12806520,571,37,25,58587,63,127,1362,40,2.7566,0.9519,6
6,15,966898,966930,176,25,32,21321,104,141,1358,70,2.2455,0.4763,6
14,24,1346926,1346954,142,23,28,18238,100,151,1358,70,2.1523,0.463,6
1122,1134,313348,313360,119,16,12,10350,56,111,1362,80,2.0756,0.2583,6
1321,1332,1554743,1554761,123,20,19,11278,79,108,1362,80,2.0899,0.3329,6
1161,1170,2520749,2520772,162,14,23,14626,73,124,1360,80,2.2095,0.3464,6
597,614,3674102,3674130,349,27,28,30422,50,124,1362,200,2.5428,0.761,6
154,166,3755477,3755492,122,13,15,10893,65,111,1364,200,2.0864,0.3068,6
133,149,3778014,3778041,231,25,27,21300,67,124,1364,200,2.3636,0.7037,6
41,60,3824786,3824807,287,27,23,21603,27,110,1362,200,2.4579,0.6559,6
68,80,3859251,3859266,143,15,15,12193,56,126,1364,200,2.1553,0.3068,6
221,242,3948212,3948253,519,33,41,48309,65,124,1360,200,2.7152,0.9765,6
1111,1121,4032298,4032320,110,20,22,12351,100,127,1354,200,2.0414,0.3663,6
995,1006,4085316,4085344,140,25,28,16076,103,132,1356,200,2.1461,0.5096,6
396,418,4116853,4116868,231,26,16,25096,56,141,1356,200,2.3636,0.5461,6
604,646,4441757,4441811,1035,67,55,97966,46,125,1356,200,3.0149,1,6
